,budget,imdb_id,profit
0,0,,0
1,0,tt0201732,0
2,0,tt0354385,0
3,0,,0
4,0,tt0783736,0
5,0,tt0407621,0
6,0,tt0856824,0
7,0,tt0457274,0
8,0,tt0493428,0
9,0,,0
10,478000,tt0445694,0
11,0,tt0457414,0
12,0,tt0495863,0
13,0,tt0467756,0
14,0,tt0479901,0
15,0,tt0446062,0
16,0,tt0481651,0
17,450000,tt0435623,973525
18,3500000,tt0380817,113783
19,0,tt0855834,0
20,0,tt1110256,0
21,0,,0
22,0,tt0084892,0
23,0,tt0147613,0
24,0,tt1213567,0
25,0,tt0287665,0
26,0,tt0763314,0
27,0,tt0417585,0
28,0,,0
29,0,tt2033245,0
30,0,tt0934855,0
31,0,tt0480128,0
32,0,tt0403407,0
33,0,,0
34,0,tt0850359,0
35,3200000,tt0856797,0
36,0,tt0443455,0
37,3000000,tt0489244,1449945
38,0,tt0440978,0
39,0,tt0840033,0
40,0,tt0048567,0
41,500000,tt0365334,0
42,0,tt1267272,0
43,0,tt0462981,0
44,0,tt5952492,0
45,0,tt0460791,3669465
46,750000,tt0490076,0
47,0,tt1297855,0
48,0,tt1050719,0
49,0,tt0453548,414404
50,0,tt0837800,0
51,0,tt0446089,0
52,0,tt0825268,0
53,0,tt0475984,0
54,0,tt0415127,0
55,0,tt1032941,0
56,0,tt1354552,0
57,0,tt0790618,0
58,0,tt2493816,0
59,0,tt1047007,0
60,0,tt1399095,0
61,0,tt1625859,0
62,0,tt0482468,0
63,0,tt2450448,0
64,0,tt1043443,0
65,0,tt3355694,0
66,0,tt0847743,0
67,0,tt1157607,0
68,0,tt1227929,0
69,0,tt0990413,0
70,0,tt1361566,0
71,0,tt1218991,0
72,40000000,tt0374569,0
73,0,tt0436854,0
74,0,tt1119202,0
75,2000000,,0
76,0,tt0819755,0
77,0,tt3355698,0
78,0,tt0822388,0
79,0,tt1100048,0
80,0,tt0189988,0
81,0,tt0410942,0
82,0,,0
83,250000,tt0971204,0
84,0,tt1246599,0
85,0,tt1117378,0
86,0,tt1528734,0
87,0,tt1018748,0
88,0,tt1633198,0
89,0,,0
90,0,tt1124394,0
91,0,tt1339271,0
92,0,,0
93,0,tt1039786,0
94,0,tt1372256,0
95,0,tt1394260,0
96,0,tt1351640,0
97,0,tt1346973,0
98,0,tt1120945,0
99,0,tt1438204,0
100,0,tt0300195,0
101,0,tt0379115,0
102,0,tt0800255,0
103,0,tt1753939,0
104,5000000,tt1242548,0
105,0,tt1470913,0
106,0,tt1276406,0
107,0,tt1296899,0
108,0,tt1538328,0
109,0,,0
110,0,tt1568815,0
111,0,tt1413493,0
112,0,tt1592890,0
113,0,tt1538927,0
114,0,tt1542045,0
115,0,tt1398949,99303
116,0,tt1588339,0
117,0,tt1653850,0
118,0,tt1601455,0
119,0,,0
120,0,tt0297696,0
121,0,tt2145821,0
122,0,tt1881087,0
123,0,tt1656179,0
124,0,tt1702002,0
125,0,tt1365491,0
126,0,tt1244658,0
127,0,tt1376422,0
128,0,tt1602617,0
129,250000,tt1640714,0
130,0,tt2281189,0
131,0,tt1374988,0
132,0,tt1504508,0
133,0,tt1530488,0
134,0,tt1787797,29110
135,0,tt1815586,0
136,0,tt1821635,0
137,0,tt1943873,0
138,0,,0
139,0,tt1922589,0
140,0,tt2920704,0
141,0,tt0454944,0
142,0,tt2442628,0
143,0,tt0972554,0
144,0,,0
145,0,tt1641619,0
146,0,tt1503645,0
147,0,tt1736159,0
148,0,tt1922569,0
149,0,tt2006105,0
150,0,tt0795459,0
151,0,tt1794943,0
152,0,tt2339357,0
153,0,tt2056692,0
154,0,tt2892036,0
155,0,tt2346091,0
156,0,tt2091318,0
157,0,tt1907707,134634
158,0,tt1539489,0
159,0,tt1740476,0
160,0,tt0374353,0
161,0,tt1541110,0
162,0,tt1059887,0
163,0,tt2075276,0
164,0,tt2466086,0
165,0,tt2049448,0
166,0,tt1784660,0
167,0,tt1754780,0
168,0,tt2327782,0
169,0,tt3297792,0
170,7000000,tt1588898,0
171,0,tt2369543,0
172,0,tt1827538,0
173,0,tt2251090,0
174,0,tt2192002,0
175,0,tt2391704,0
176,0,,0
177,0,tt1596745,0
178,0,tt2591652,0
179,0,tt1964773,0
180,0,tt5837578,0
181,0,,0
182,0,tt1865450,0
183,0,tt3454574,0
184,0,tt2516868,0
185,0,tt2401223,0
186,2000000,tt2288044,0
187,0,tt2977158,0
188,0,tt2575382,0
189,0,tt3265462,0
190,1635,tt3969100,0
191,0,tt5053474,0
192,0,,0
193,0,tt3444276,0
194,0,tt3077108,0
195,0,tt3263614,0
196,0,tt3125220,0
197,0,tt3464744,0
198,0,tt3499048,0
199,0,tt3481826,0
200,0,tt1513931,0
201,0,tt1928172,0
202,0,,0
203,0,tt1439558,0
204,0,tt3236134,0
205,0,tt3165442,0
206,0,tt3031176,0
207,0,tt2953750,0
208,0,,0
209,0,tt3685428,0
210,0,tt3538328,0
211,0,tt3847160,0
212,0,,0
213,0,tt3468298,0
214,0,tt3219604,0
215,0,,0
216,0,,0
217,0,tt3115694,0
218,0,tt3395272,0
219,0,tt3312838,0
220,0,,0
221,0,tt0765849,0
222,0,tt0499006,0
223,0,tt0442399,0
224,54000000,tt0434409,132511035
225,0,tt0806675,0
226,0,tt1334581,0
227,0,tt0469690,0
228,0,,0
229,0,tt0490879,0
230,0,,0
231,0,,0
232,0,,0
233,0,,0
234,0,,0
235,0,,0
236,0,tt0841083,0
237,0,,0
238,0,,0
239,0,,0
240,0,tt0787453,0
241,0,tt1073107,0
242,0,tt0922626,0
243,0,,0
244,0,,0
245,0,tt2069762,0
246,0,tt3134686,0
247,0,,0
248,0,tt0928141,0
249,0,tt1391109,0
250,0,tt2069968,0
251,0,tt0945310,0
252,0,,0
253,0,,0
254,0,tt1031270,0
255,0,,0
256,0,tt4506114,0
257,0,tt1080882,0
258,0,,0
259,0,,0
260,0,tt0859622,0
261,0,tt0787523,367638
262,0,tt1085862,0
263,800000,tt0852992,0
264,0,tt0836683,0
265,0,tt0867336,0
266,0,tt0811128,0
267,2,tt0448993,0
268,0,tt1228751,0
269,0,tt1083845,0
270,0,tt1414813,0
271,0,tt1357519,0
272,0,tt3619706,0
273,0,,0
274,0,tt1835989,0
275,0,tt1541832,0
276,0,tt1369604,0
277,0,tt1333095,0
278,0,tt2069864,0
279,0,tt2364657,0
280,0,tt1143155,0
281,25000000,tt1175506,2336172
282,1500000,tt1226681,32000
283,0,tt1130088,0
284,0,tt1082853,2434658
285,0,tt1210349,0
286,0,tt1098356,0
287,0,tt1456875,0
288,0,tt1550533,0
289,0,,0
290,0,tt1459922,0
291,0,,0
292,0,,0
293,0,,0
294,50000,tt1517750,0
295,0,tt3432330,0
296,0,,0
297,0,tt1413510,0
298,0,tt3618180,0
299,0,,0
300,14000000,tt1107816,0
301,0,tt1422018,0
302,0,tt1490749,0
303,0,tt1135952,0
304,0,tt1499937,0
305,4000000,tt1134854,0
306,7500000,tt1194263,0
307,30000000,tt1032825,102000000
308,0,tt1695823,0
309,0,tt1709097,0
310,0,tt1559333,0
311,0,tt1376451,0
312,4500000,tt0838247,3606395
313,0,tt1562296,0
314,0,,0
315,0,,0
316,0,tt1652333,0
317,0,tt1650031,0
318,0,tt1823756,0
319,0,tt1669566,0
320,0,tt1290082,0
321,0,tt0874421,0
322,6000000,tt1130964,399611
323,0,tt1403047,0
324,0,tt1646962,0
325,0,tt1414368,0
326,0,tt1528312,0
327,0,tt0146592,0
328,0,tt1646979,0
329,0,tt1529316,0
330,0,tt2086853,0
331,0,tt1667691,0
332,0,tt2543728,0
333,0,tt1401669,0
334,0,tt1664971,0
335,0,tt1516593,0
336,0,tt1594471,0
337,1800000,tt1581634,0
338,73000,tt1288411,0
339,0,tt1590209,0
340,0,tt1833647,0
341,0,tt1896753,0
342,0,tt1972796,0
343,0,tt1926977,0
344,5000000,tt1704573,9206470
345,0,tt1756791,0
346,0,tt1961366,0
347,0,tt1717152,0
348,0,tt2747538,0
349,0,tt2044013,0
350,0,tt1784515,0
351,0,tt2846890,0
352,0,tt1841830,0
353,0,tt2005159,0
354,0,tt1999261,0
355,0,tt1865387,0
356,0,tt2331173,0
357,0,tt1920925,0
358,0,tt2137720,0
359,0,tt1782453,0
360,0,tt1847680,0
361,0,tt2180473,0
362,0,tt1779076,0
363,0,tt2014346,0
364,0,tt2258233,0
365,0,tt2290151,0
366,0,tt1828125,0
367,0,tt1308756,0
368,0,tt2292903,0
369,300000,tt1822381,0
370,0,tt1972819,0
371,0,tt1815998,0
372,0,tt1711016,0
373,0,tt2294679,0
374,7000000,tt1931466,0
375,0,tt1894616,0
376,0,tt2302857,0
377,1400000,,0
378,0,tt2399515,0
379,10000000,tt1935179,21587700
380,0,tt2555268,0
381,70000,tt2416376,354877
382,2000000,tt1464191,48390
383,0,tt3642340,0
384,0,tt2343158,0
385,0,tt2140577,13769
386,0,tt2818984,0
387,0,tt2890140,0
388,0,tt2359024,258384
389,0,tt2852470,52164
390,0,tt2875926,0
391,0,tt1754708,0
392,0,tt1567279,0
393,0,tt2268458,0
394,0,tt3116154,0
395,0,tt1993391,0
396,0,tt2167266,4878242
397,0,tt2479800,0
398,13300000,tt1441395,5380251
399,4000000,tt2382396,2365467
400,0,tt2184219,0
401,0,tt3120512,0
402,0,tt2379679,0
403,0,tt3121860,0
404,0,tt2656588,13684
405,0,tt3645108,0
406,0,tt2461126,0
407,0,tt2824852,0
408,0,tt3797214,0
409,0,tt2977090,0
410,0,tt3019620,0
411,0,tt3591950,0
412,2000000,tt3235888,14674076
413,2000000,tt2366608,45431
414,0,tt2397513,0
415,0,tt4346050,0
416,0,tt3290440,0
417,0,,0
418,0,tt3042626,0
419,0,tt5266182,0
420,0,tt4057708,0
421,0,,0
422,0,tt3815136,0
423,0,tt2525802,0
424,0,,0
425,0,tt3105662,0
426,0,tt3551074,0
427,0,tt4317900,0
428,3500000,tt3859304,615816
429,3500000,tt4263482,40423945
430,0,tt4105970,0
431,0,tt3513054,0
432,0,tt3142366,0
433,0,tt2614776,0
434,0,tt2992000,0
435,0,tt3685622,0
436,0,tt5139810,0
437,0,tt4417186,0
438,0,tt4569604,0
439,0,tt4227204,0
440,0,tt0479725,0
441,0,,0
442,0,tt0843535,0
443,0,,0
444,0,,0
445,0,,0
446,0,tt0988074,0
447,0,,0
448,0,,0
449,0,,0
450,0,tt1094611,0
451,0,,0
452,0,,0
453,0,tt0870671,0
454,0,tt1351643,0
455,0,tt0872099,0
456,0,tt0963991,0
457,0,,0
458,0,,0
459,0,tt0774030,0
460,0,,0
461,0,tt0972781,0
462,0,tt0446083,0
463,0,tt0962721,0
464,0,tt3982254,0
465,0,tt2248647,0
466,0,tt1073131,0
467,0,tt1313097,0
468,0,tt1040028,0
469,0,,0
470,0,,0
471,0,,0
472,0,tt1059816,0
473,0,tt1094376,0
474,0,tt1068161,0
475,0,tt0912585,0
476,0,tt0972564,0
477,25000,tt0959386,0
478,0,tt0970946,0
479,0,,0
480,0,,0
481,0,,0
482,0,,0
483,0,,0
484,0,tt1394233,0
485,0,,0
486,0,,0
487,0,,0
488,0,,0
489,0,,0
490,0,,0
491,4,tt2321658,4
492,0,,0
493,0,,0
494,0,tt1380881,0
495,0,tt2299730,0
496,0,,0
497,0,tt1279117,0
498,0,tt1476410,0
499,0,tt1170403,0
500,0,tt1504458,0
501,0,tt2189804,0
502,0,,0
503,0,,0
504,0,tt2185662,0
505,0,,0
506,0,,0
507,30000,tt1047514,0
508,0,,0
509,0,,0
510,0,tt1535557,0
511,0,tt1362076,0
512,0,tt1496904,0
513,0,,0
514,0,tt2396226,0
515,0,tt1349455,0
516,0,tt0666198,0
517,0,,0
518,0,,0
519,0,tt1513878,0
520,0,tt1667460,0
521,0,,0
522,0,tt1725842,0
523,0,tt1678046,0
524,0,tt3603580,0
525,0,,0
526,0,,0
527,0,tt1819505,0
528,0,,0
529,0,,0
530,0,,0
531,0,tt3110692,0
532,0,,0
533,0,,0
534,0,tt1772898,0
535,0,tt1683519,0
536,0,tt1600395,0
537,0,,0
538,0,,0
539,0,,0
540,0,tt1684932,0
541,0,tt1698566,0
542,0,tt1692848,0
543,0,tt1847577,0
544,0,tt1719580,0
545,0,tt1525835,0
546,0,tt1722516,0
547,0,tt1714758,0
548,0,tt1538221,0
549,0,tt1706441,0
550,0,tt1723115,0
551,0,tt1706679,0
552,0,tt1783352,0
553,5000000,tt1504319,27046
554,0,tt1440292,864659
555,0,tt1722513,0
556,0,tt1525888,0
557,0,tt1794784,0
558,0,tt1932597,0
559,0,tt1638979,26488
560,0,tt1990352,76398
561,0,tt1810798,0
562,0,tt2044077,0
563,2200000,tt1920984,0
564,0,tt1723782,0
565,0,tt2053352,0
566,0,tt2109208,0
567,0,tt2085893,0
568,0,tt1680045,1663931
569,0,tt1964853,0
570,0,tt1853614,6748712
571,0,tt1456635,6483963
572,0,tt1667307,0
573,0,tt2043931,0
574,0,tt1725803,0
575,0,tt2120765,0
576,0,tt1925411,0
577,0,tt1836974,0
578,500000,tt1488594,0
579,0,tt2142055,0
580,0,tt2064713,125
581,0,tt1995341,0
582,0,tt2373324,0
583,0,tt2204370,0
584,0,tt2337993,0
585,0,tt1826813,0
586,0,tt2319739,0
587,0,tt1727523,0
588,0,tt2076372,0
589,340000,tt1884369,0
590,0,,0
591,0,tt2428402,0
592,0,tt2347569,4069826
593,0,tt1595656,587615
594,0,tt2384530,0
595,5000000,tt2101441,31724284
596,6000000,tt1932767,1066471
597,15000000,tt1817273,35485608
598,0,tt1389096,0
599,0,tt2069787,0
600,0,tt2043933,0
601,0,tt1951095,0
602,2000000,tt2692904,4635300
603,0,tt2427892,0
604,8500000,tt2333804,770706
605,0,tt3016266,0
606,0,tt3119416,0
607,0,tt1825157,200406
608,0,tt2873214,0
609,0,tt3091282,0
610,5000000,tt2403021,6833445
611,0,tt3075574,0
612,0,tt2714900,1503616
613,0,tt3720788,0
614,0,tt1531924,0
615,318000,tt2309961,121179
616,0,tt3123178,0
617,0,tt3118706,0
618,0,tt2402603,0
619,0,tt3181588,0
620,0,tt3407428,0
621,8000,tt3982320,0
622,0,tt4418966,0
623,1000000,tt3713166,62882090
624,0,tt3823806,0
625,0,tt3569374,0
626,0,tt2231646,0
627,0,tt3400060,0
628,0,tt3907306,0
629,0,tt1991031,0
630,5290000,tt3433632,0
631,0,tt3894148,0
632,0,tt3908344,0
633,0,tt3194410,0
634,0,tt3687186,0
635,0,tt2219650,0
636,0,tt2334733,0
637,4000000,tt2893490,143101
638,0,tt3344922,6921
639,0,tt3547782,0
640,0,tt4151212,0
641,0,tt3908598,0
642,0,tt3456206,0
643,0,tt2848324,0
644,1000000,tt3277624,0
645,15000,tt4121626,0
646,0,tt4266638,140779
647,0,tt4224828,0
648,220,tt3610312,0
649,0,tt5288374,0
650,0,tt3868978,0
651,0,tt2210451,0
652,0,tt3847390,0
653,0,tt3662066,0
654,0,tt3903322,0
655,0,tt1735907,13191
656,0,tt4604496,0
657,0,tt4438844,0
658,0,tt4505666,0
659,0,tt3369350,0
660,0,tt0976039,0
661,0,tt0492947,0
662,0,tt0469169,0
663,0,,0
664,0,,0
665,0,,0
666,0,,0
667,0,tt0922379,0
668,0,tt0432337,0
669,0,tt0808171,0
670,0,,0
671,0,,0
672,0,tt0783517,0
673,0,tt0492453,0
674,0,tt0893497,0
675,0,tt3244700,0
676,0,tt0470878,0
677,0,tt0765473,0
678,0,tt0889208,0
679,0,tt0379264,0
680,0,tt1010027,0
681,0,tt1595619,0
682,0,,0
683,0,tt0944833,0
684,0,tt1356402,0
685,0,tt0899137,0
686,0,tt5073648,0
687,0,tt1279465,0
688,0,,0
689,0,,0
690,0,tt1001510,0
691,0,,0
692,0,,0
693,0,tt1092601,0
694,0,tt0984969,0
695,10,tt1996322,0
696,0,tt1071246,0
697,0,tt0481580,0
698,0,tt0763852,0
699,0,tt1198196,0
700,0,,0
701,0,,0
702,0,tt1245721,0
703,0,,0
704,0,tt1566031,0
705,0,,0
706,0,,0
707,0,,0
708,0,tt1206475,0
709,0,tt1042913,0
710,0,tt1282053,0
711,0,tt1262132,0
712,0,tt1104837,0
713,0,,0
714,0,,0
715,0,tt1023342,0
716,0,tt1774663,0
717,0,tt1183662,0
718,0,tt1325596,0
719,0,,0
720,0,,0
721,0,,0
722,0,,0
723,0,tt0926091,0
724,0,tt1538828,0
725,0,tt0820846,0
726,450,tt1391122,0
727,0,tt1458521,0
728,0,,0
729,0,,0
730,0,tt1430071,0
731,0,tt1372746,0
732,0,tt1358885,0
733,0,tt1433135,0
734,0,tt3113620,0
735,0,tt1461685,0
736,0,tt1509836,0
737,0,tt1284067,0
738,0,tt2404400,0
739,0,tt1436049,0
740,0,,0
741,0,tt1767301,0
742,0,tt1663203,0
743,0,,0
744,0,,0
745,0,,0
746,0,tt1740104,0
747,0,,0
748,0,,0
749,0,,0
750,0,tt1679215,0
751,0,tt0494292,0
752,1,tt1273201,0
753,0,tt1841898,0
754,0,tt1847591,0
755,0,,0
756,0,tt1604890,0
757,0,tt1783272,0
758,0,tt1014799,0
759,0,,0
760,0,tt1571407,0
761,0,tt1322266,0
762,0,tt0417610,0
763,0,tt4259364,0
764,0,tt1863275,0
765,0,,0
766,0,tt2353841,0
767,0,,0
768,0,tt2190271,0
769,0,tt1826877,0
770,0,tt2006843,0
771,0,tt2090446,0
772,0,,0
773,0,tt3013276,0
774,0,tt2050472,0
775,0,tt1680060,0
776,0,tt2355825,0
777,0,,0
778,0,tt1825758,0
779,0,,0
780,0,tt1974212,0
781,0,tt2099753,0
782,0,tt1959472,0
783,0,tt2338047,0
784,25000000,tt1601913,77278331
785,0,,0
786,10000,tt2234505,0
787,0,tt2793532,0
788,0,,0
789,0,tt2164658,0
790,0,tt1792576,0
791,0,tt1854364,0
792,0,,0
793,0,tt4168164,0
794,0,tt2628664,0
795,0,,0
796,2000000,,0
797,0,,0
798,0,tt1807020,0
799,0,tt2321602,0
800,0,tt1776086,0
801,2900000,tt1763264,74918
802,0,tt2169662,0
803,0,tt2133239,0
804,0,tt1865393,0
805,0,tt2181258,0
806,0,tt1935896,21660
807,0,tt1856047,0
808,0,tt2475154,0
809,0,tt2294639,0
810,0,tt2215395,29494
811,0,tt2382023,0
812,0,tt2162565,0
813,0,tt2204371,0
814,567000,tt1427298,0
815,0,tt1747932,0
816,55000000,tt1308729,9489829
817,0,tt2536310,0
818,0,tt2727100,0
819,0,tt1329177,0
820,0,tt3183630,0
821,0,tt5335334,0
822,0,tt2909460,0
823,0,tt2314374,0
824,0,tt2879028,0
825,0,tt3521744,0
826,0,tt3253732,0
827,0,,0
828,0,tt3230608,0
829,0,tt3283642,0
830,0,tt3554858,0
831,0,tt2378453,0
832,0,tt2960450,0
833,0,tt4276322,0
834,0,tt2263814,0
835,0,tt2865246,0
836,0,tt3290872,0
837,0,tt1669268,0
838,0,tt3358086,0
839,0,tt3502210,0
840,0,tt3717068,0
841,0,tt3973410,0
842,0,tt3149038,0
843,0,tt3297330,316472
844,0,tt3026144,0
845,10000000,tt1791682,7587485
846,0,tt2393845,0
847,0,tt0903657,28641776
848,0,tt3958098,0
849,0,tt3685218,0
850,0,tt2944198,0
851,0,tt3421204,0
852,19000000,tt1596345,5578519
853,0,tt3897724,0
854,0,tt3525678,0
855,0,tt2238470,0
856,0,tt1945084,0
857,0,tt3659786,0
858,0,tt3722248,0
859,0,tt3334794,0
860,0,,0
861,0,tt3317208,0
862,0,tt4503598,0
863,0,tt4413794,0
864,0,tt4594936,0
865,0,tt3450900,0
866,5000000,tt4062536,3220371
867,0,tt3978720,0
868,0,tt2493450,0
869,0,tt3185602,0
870,0,tt3667792,0
871,0,tt2507238,0
872,0,tt2394063,7000
873,0,tt4009278,0
874,30000,tt5253866,0
875,0,tt3353060,0
876,0,tt4048668,0
877,0,tt4778840,0
878,0,tt2935662,0
879,0,tt4222028,0
880,0,tt0815181,0
881,0,,0
882,0,,0
883,0,,0
884,0,,0
885,0,tt4569386,0
886,0,,0
887,0,tt0760139,0
888,0,tt0808532,0
889,0,tt0875595,0
890,0,tt0945565,0
891,0,tt0478978,0
892,0,tt0456144,0
893,0,tt1190708,0
894,0,tt0772153,0
895,0,tt1340844,0
896,0,tt0929808,0
897,0,tt0466831,0
898,150000,tt0859631,0
899,0,tt0997088,0
900,0,tt0469185,0
901,0,tt1647466,0
902,0,tt0829429,0
903,0,tt0928406,0
904,750000,tt1048146,500
905,0,tt0452863,0
906,0,,0
907,0,tt1092058,0
908,0,tt1165293,0
909,0,tt0479547,0
910,0,tt0456521,0
911,0,tt1449854,0
912,0,tt0934946,0
913,0,tt0495026,0
914,0,,0
915,0,tt0758784,0
916,0,tt1664635,0
917,0,tt1280513,0
918,0,tt1782451,0
919,0,tt0945602,0
920,0,tt1124041,0
921,0,tt0455981,0
922,0,,0
923,0,tt1801029,0
924,0,tt2385226,0
925,0,tt0834009,0
926,0,tt1340694,0
927,0,,0
928,0,tt2955638,0
929,0,tt0847150,0
930,0,tt1196112,0
931,0,tt1201637,0
932,0,tt1408088,0
933,0,tt1292594,0
934,0,tt1152828,0
935,0,tt1362521,0
936,0,,0
937,0,tt1350909,0
938,0,tt0795463,0
939,0,tt1091234,0
940,0,,0
941,0,tt1471212,0
942,0,,0
943,0,tt1330610,0
944,0,,0
945,0,tt1794729,0
946,0,tt0143558,0
947,0,tt1015971,0
948,0,tt0974662,0
949,0,tt1534561,0
950,0,,0
951,0,tt1507355,0
952,0,tt1802198,0
953,0,tt0843358,246574
954,0,,0
955,0,tt1337535,0
956,0,tt1053946,0
957,0,,0
958,0,tt1419318,0
959,0,tt1421378,0
960,0,tt1545473,0
961,0,tt1617194,0
962,0,tt3106076,0
963,0,tt1262958,0
964,0,,0
965,0,tt1763321,0
966,0,tt1736558,0
967,0,,0
968,0,tt1611928,0
969,0,tt1663970,0
970,0,tt1719496,0
971,0,,0
972,0,tt1592247,0
973,0,tt1595858,0
974,0,,0
975,0,,0
976,0,,0
977,0,,0
978,0,tt3671448,0
979,0,,0
980,0,,0
981,0,tt2447244,0
982,0,tt2076169,0
983,0,tt4836366,0
984,0,,0
985,0,,0
986,0,,0
987,0,,0
988,0,,0
989,0,tt2034692,0
990,0,tt1712542,0
991,0,tt2224069,0
992,0,tt1942840,0
993,0,tt2002774,0
994,0,tt0482154,0
995,0,tt1815597,0
996,0,tt1897953,0
997,0,tt2140255,0
998,0,tt2140243,0
999,0,tt1829654,0
1000,0,,0
1001,0,tt3599072,0
1002,0,tt4187462,0
1003,0,,0
1004,0,tt4329266,0
1005,400,tt2142618,0
1006,0,,0
1007,0,tt2102452,0
1008,0,,0
1009,0,,0
1010,0,tt3556618,0
1011,0,tt6406198,0
1012,0,tt2960304,0
1013,0,,0
1014,0,tt2198155,0
1015,0,tt2006802,0
1016,0,,0
1017,0,tt2340298,0
1018,0,tt4232330,0
1019,0,tt1954412,0
1020,0,tt3354344,0
1021,0,tt2605976,0
1022,0,,0
1023,0,tt3092102,0
1024,0,tt3502596,0
1025,0,tt2889258,0
1026,0,,0
1027,250,tt2734014,0
1028,0,tt2768462,0
1029,0,tt3304572,0
1030,0,,0
1031,0,,0
1032,0,,0
1033,0,,0
1034,0,tt3026640,0
1035,0,tt3312670,0
1036,0,tt2901396,0
1037,0,tt3365642,0
1038,0,,0
1039,0,tt1710469,0
1040,0,tt4854538,0
1041,0,tt3302910,0
1042,0,tt2198187,0
1043,0,tt3003858,0
1044,3,tt2821430,0
1045,6000000,tt2465578,5809330
1046,0,tt3309990,0
1047,0,tt4667344,0
1048,0,tt3213512,0
1049,0,tt3403268,0
1050,0,,0
1051,0,tt4917384,0
1052,0,,0
1053,90000,tt4085566,0
1054,0,,0
1055,25,tt3706350,0
1056,0,tt2689924,0
1057,0,tt1626619,0
1058,0,tt3427376,0
1059,0,tt3558852,0
1060,0,tt3824386,0
1061,0,tt4336190,0
1062,0,tt4080058,0
1063,0,tt3153582,0
1064,0,tt3159818,0
1065,0,tt1015471,0
1066,21000000,tt2145829,0
1067,0,tt3532284,0
1068,0,tt4714418,0
1069,0,tt1666287,0
1070,0,tt4128382,0
1071,0,tt4150002,0
1072,0,tt1725986,0
1073,0,tt3918686,0
1074,0,tt4160256,0
1075,0,tt3677412,0
1076,0,tt3248944,0
1077,0,tt1730714,0
1078,0,tt3168808,0
1079,2300000,tt3032282,0
1080,0,tt3923662,0
1081,0,tt4319082,0
1082,0,tt2420876,0
1083,0,tt5245070,0
1084,0,tt5603022,0
1085,0,tt3319018,0
1086,0,tt4731836,0
1087,0,tt4552524,0
1088,0,tt4918254,0
1089,0,tt3531578,0
1090,0,tt5019712,0
1091,0,tt3591988,0
1092,0,tt3417854,0
1093,0,tt5131124,0
1094,0,tt4844722,0
1095,0,tt4741648,0
1096,0,tt4881208,0
1097,0,tt4613272,0
1098,0,tt4881032,0
1099,0,tt5829492,0
1100,0,tt1410060,0
1101,0,tt0782839,0
1102,0,tt1176098,0
1103,0,tt0765475,0
1104,0,tt0768120,0
1105,0,,0
1106,0,tt0493420,0
1107,0,tt0439833,0
1108,0,,0
1109,0,tt0845452,0
1110,0,tt0978838,0
1111,0,tt0453172,0
1112,3033,tt0970538,0
1113,0,tt0893403,0
1114,0,,0
1115,0,,0
1116,0,tt0473363,0
1117,0,tt0402438,0
1118,0,tt0772886,0
1119,0,,0
1120,9780000,tt0825248,0
1121,0,tt1097256,0
1122,0,tt1712554,0
1123,0,tt0818897,0
1124,0,tt0760173,0
1125,0,tt0815170,0
1126,0,tt0962768,0
1127,0,tt3089626,0
1128,0,tt1045889,0
1129,0,,0
1130,0,tt2593552,0
1131,0,tt0997023,0
1132,0,,0
1133,0,,0
1134,0,tt1136913,0
1135,0,tt1092287,0
1136,0,tt2241296,0
1137,0,,0
1138,0,tt1515900,0
1139,0,tt1034080,0
1140,0,tt1189345,0
1141,0,tt1284592,0
1142,0,tt1319695,0
1143,0,tt0995061,0
1144,0,tt1253565,0
1145,5200000,tt1166094,0
1146,0,tt1103192,0
1147,0,tt1294790,0
1148,0,tt1152397,0
1149,0,tt1430144,0
1150,0,tt0447166,0
1151,0,tt0884762,0
1152,0,tt3106646,0
1153,0,tt0255773,0
1154,0,tt0936453,0
1155,0,tt0859644,0
1156,0,tt1202056,0
1157,0,tt1206485,0
1158,0,tt1209380,0
1159,0,tt1291521,0
1160,0,tt1144539,0
1161,0,tt1049400,0
1162,0,tt1503776,21878
1163,0,tt1500842,0
1164,0,tt1339641,0
1165,0,tt0870210,0
1166,0,tt1320320,0
1167,0,tt0901494,0
1168,0,tt1437212,0
1169,0,tt1563725,0
1170,0,tt1490530,0
1171,0,tt1360866,0
1172,0,tt0795358,0
1173,0,,0
1174,0,tt1630656,0
1175,0,tt1693816,0
1176,0,tt1326267,0
1177,0,tt2246947,0
1178,0,tt1802202,0
1179,0,tt1532965,0
1180,0,,0
1181,0,,0
1182,0,tt1770721,0
1183,0,tt1510030,0
1184,0,tt1783345,0
1185,0,tt1656716,0
1186,0,tt1594555,0
1187,0,tt1640569,0
1188,0,tt1401241,0
1189,0,tt1830695,0
1190,0,,0
1191,0,tt1866255,0
1192,0,tt1674246,0
1193,0,tt1737601,0
1194,0,tt1836918,0
1195,0,tt1414374,0
1196,0,tt1260357,0
1197,0,tt1764270,0
1198,0,tt2027223,0
1199,0,tt1474859,0
1200,0,tt1869386,0
1201,0,tt1468376,0
1202,0,tt1864327,0
1203,0,tt2076977,0
1204,0,tt0384013,0
1205,0,tt1719681,0
1206,0,,0
1207,0,,0
1208,0,tt2043893,0
1209,0,tt2050634,0
1210,0,tt1772201,0
1211,0,tt2438322,0
1212,0,tt1885377,0
1213,0,tt2512258,0
1214,0,,0
1215,0,,0
1216,0,tt1457045,0
1217,0,,0
1218,0,,0
1219,0,,0
1220,0,tt2633778,0
1221,0,,0
1222,0,tt2104858,0
1223,0,tt2322383,0
1224,0,tt2386739,0
1225,0,,0
1226,0,tt2325625,0
1227,0,,0
1228,0,tt2273640,0
1229,0,tt2319779,0
1230,0,tt3687496,0
1231,0,,0
1232,0,tt2451952,0
1233,0,tt2207516,0
1234,0,tt1202339,0
1235,0,tt2145623,0
1236,0,,0
1237,0,tt2380259,0
1238,0,tt2173238,0
1239,0,tt2448132,0
1240,0,tt2846628,0
1241,0,,0
1242,0,,0
1243,0,tt3730484,0
1244,0,,0
1245,0,tt1194135,0
1246,0,tt3141846,0
1247,0,,0
1248,0,tt3471440,0
1249,0,,0
1250,0,,0
1251,0,,0
1252,0,,0
1253,0,tt2458390,0
1254,0,tt3324600,0
1255,0,tt3252208,0
1256,0,tt2784826,0
1257,0,tt2785998,0
1258,0,tt2722978,0
1259,0,tt3122200,0
1260,0,,0
1261,0,,0
1262,0,tt4009226,0
1263,0,tt3828116,0
1264,0,,0
1265,0,tt4362446,0
1266,0,tt4534090,0
1267,100000,tt2386291,0
1268,0,tt4716950,0
1269,0,tt3350244,0
1270,0,,0
1271,0,,0
1272,0,tt4574372,0
1273,0,tt3385334,0
1274,0,tt2634200,0
1275,0,,0
1276,0,tt3565506,0
1277,0,tt1710898,0
1278,0,,0
1279,0,tt2457080,0
1280,0,tt4238476,0
1281,0,tt3774236,0
1282,0,tt3858372,15730665
1283,0,tt4107790,0
1284,0,tt4321682,0
1285,81000000,tt2802144,414351546
1286,15000000,tt0470752,36869414
1287,0,,0
1288,0,,0
1289,25000,tt4187662,0
1290,30000,tt4235454,0
1291,30000,tt3476472,0
1292,0,tt4285612,0
1293,0,tt4525922,0
1294,0,tt3597632,0
1295,0,tt3418268,0
1296,2000,tt3540474,0
1297,300,tt4338200,0
1298,0,tt4473526,0
1299,0,tt3878146,0
1300,0,,0
1301,0,tt2929652,0
1302,0,tt2638662,0
1303,0,tt3806654,0
1304,0,tt4721400,30169
1305,0,tt4569240,0
1306,3000000,tt2815902,0
1307,0,tt4238858,0
1308,1500000,tt4899406,0
1309,0,tt5452954,0
1310,0,tt4935954,0
1311,0,tt2461520,454516
1312,0,tt1683048,0
1313,0,tt4911656,0
1314,10000000,tt1172049,1978592
1315,13000000,tt1490785,1646788
1316,325000,tt4991384,1600000
1317,5000000,tt4158624,443962
1318,0,tt4223366,0
1319,0,tt4073166,0
1320,0,,0
1321,0,tt4429058,0
1322,0,tt0934473,0
1323,0,,0
1324,0,tt0843270,0
1325,0,tt0472156,0
1326,0,tt0818125,0
1327,0,tt0799916,0
1328,0,tt0474865,0
1329,0,tt0880445,0
1330,0,tt0867418,0
1331,0,tt0881384,0
1332,0,tt0772203,0
1333,0,,0
1334,0,tt0485552,0
1335,0,tt0498311,0
1336,0,tt0481452,0
1337,0,tt1051713,0
1338,0,tt0480854,0
1339,0,tt0819722,0
1340,0,,0
1341,0,tt1169800,0
1342,0,tt1068293,0
1343,0,tt1419113,0
1344,0,tt0996928,0
1345,0,tt0972563,0
1346,0,tt0906664,0
1347,0,tt1029317,0
1348,0,tt0979598,0
1349,0,tt1121969,0
1350,0,tt0499034,0
1351,17000,tt1193482,0
1352,0,tt1141751,0
1353,0,tt3817952,0
1354,0,tt1086282,0
1355,0,tt1801090,0
1356,0,tt2235563,0
1357,0,tt1091783,0
1358,0,tt0791178,0
1359,0,tt0986272,0
1360,500,tt1067578,0
1361,0,tt1288601,0
1362,0,tt1178621,0
1363,0,tt1239129,0
1364,0,tt1341749,0
1365,0,tt1110221,0
1366,0,tt1242867,0
1367,0,tt1323535,0
1368,0,tt1341329,0
1369,0,,0
1370,0,tt1241338,0
1371,0,tt2815776,0
1372,0,tt0800058,0
1373,0,tt1252557,0
1374,0,,0
1375,0,tt0949835,0
1376,0,tt1436475,0
1377,0,tt1433322,0
1378,0,tt0185783,0
1379,0,tt1221356,0
1380,0,tt1714160,0
1381,0,,0
1382,7000,tt3631306,0
1383,0,tt1131732,0
1384,0,,0
1385,0,tt1565415,0
1386,0,tt1501359,0
1387,0,tt1444294,0
1388,0,tt1828248,0
1389,0,tt3978670,0
1390,0,,0
1391,0,,0
1392,0,,0
1393,0,,0
1394,0,tt6402526,0
1395,0,,0
1396,0,tt1391819,0
1397,0,tt1303236,0
1398,0,tt1433816,0
1399,0,tt1590078,0
1400,0,tt2344840,0
1401,0,tt1634833,0
1402,0,tt1640728,0
1403,0,tt1193626,0
1404,0,tt1753774,0
1405,0,tt1836080,0
1406,0,tt1567448,0
1407,0,tt1642142,0
1408,0,,0
1409,0,tt1393737,0
1410,0,tt1251735,0
1411,200000,tt1518813,0
1412,0,tt2507550,0
1413,0,tt1409734,0
1414,0,,0
1415,0,tt1664825,0
1416,0,tt1585272,0
1417,0,tt1230372,0
1418,0,tt1675309,0
1419,0,tt1964958,0
1420,0,tt1957945,0
1421,0,tt1715802,0
1422,0,tt1806971,0
1423,0,tt1592527,0
1424,0,,0
1425,0,tt1918924,0
1426,0,tt2391835,0
1427,0,tt2006705,0
1428,0,tt1687235,0
1429,0,tt1733679,0
1430,0,tt3978420,0
1431,500000,tt1707818,0
1432,1000000,tt1618368,0
1433,0,tt1787777,429766
1434,0,tt2131644,0
1435,0,tt1754010,0
1436,0,tt1791687,0
1437,0,tt1998213,0
1438,0,,0
1439,0,tt2101302,0
1440,0,,0
1441,0,,0
1442,0,,0
1443,0,tt2378470,0
1444,0,tt2165112,0
1445,0,tt2073029,0
1446,0,tt2088735,0
1447,0,tt2535478,0
1448,0,tt2400555,0
1449,0,tt2323551,0
1450,0,tt2370096,0
1451,0,tt2312832,0
1452,0,tt2493044,0
1453,0,tt1876382,0
1454,225000,tt2365776,0
1455,0,tt2328591,0
1456,0,tt2061682,0
1457,0,tt2447090,0
1458,0,tt1832363,0
1459,0,,0
1460,0,,0
1461,0,tt2870252,0
1462,0,,0
1463,0,,0
1464,0,tt2428368,0
1465,0,tt3272298,0
1466,0,tt3092672,0
1467,0,tt3860942,0
1468,0,,0
1469,0,tt3006960,0
1470,0,,0
1471,0,tt6478412,0
1472,0,,0
1473,0,tt2620792,0
1474,0,,0
1475,13500000,tt1924396,19255873
1476,0,tt6782000,0
1477,0,tt3145026,0
1478,0,tt3203280,0
1479,0,tt2857606,0
1480,0,tt3906440,0
1481,0,,0
1482,0,,0
1483,0,,0
1484,0,tt4217804,0
1485,0,tt4049970,0
1486,0,tt2651040,0
1487,0,tt3725860,0
1488,15000,tt3104062,0
1489,0,,0
1490,0,tt4319088,0
1491,0,tt3305450,0
1492,0,tt3489334,0
1493,0,,0
1494,50000,tt3397838,0
1495,0,tt4028066,0
1496,0,,0
1497,0,tt2872570,0
1498,0,tt3594780,0
1499,0,tt3795402,0
1500,0,tt4689268,0
1501,0,tt3320110,0
1502,0,tt3401658,0
1503,0,,0
1504,0,,0
1505,0,,0
1506,0,,0
1507,0,tt5266674,0
1508,0,tt5573916,0
1509,0,tt3983674,0
1510,0,tt4267108,0
1511,0,tt3263306,0
1512,50000,tt3894340,0
1513,0,tt3904364,0
1514,0,tt4298406,0
1515,0,tt5143626,0
1516,0,tt5554324,0
1517,0,tt4078744,0
1518,0,tt4132518,0
1519,0,,0
1520,0,tt3597510,0
1521,0,tt3471098,3351735
1522,0,,0
1523,0,tt3638396,33962
1524,0,tt3549206,0
1525,0,tt2625810,0
1526,0,tt3352034,0
1527,0,tt2097331,262921
1528,0,tt4215810,0
1529,3200000,tt4501454,4267218
1530,0,tt2818252,0
1531,0,tt0787524,11472454
1532,8000000,tt2091935,34694
1533,0,tt4295258,0
1534,2480421,tt3864024,0
1535,4000000,tt3946960,0
1536,0,tt2724532,0
1537,0,tt4991652,0
1538,0,tt1726252,0
1539,0,tt2231349,0
1540,0,tt0485956,0
1541,0,tt1982650,0
1542,0,tt0468548,0
1543,0,tt0857186,0
1544,0,tt0800966,0
1545,0,tt0494207,0
1546,0,tt0492481,89417
1547,0,,0
1548,0,tt0479046,0
1549,0,,0
1550,0,tt0798717,0
1551,0,tt0873589,0
1552,0,,0
1553,0,tt0493450,0
1554,0,tt0924133,0
1555,42000,tt0825671,0
1556,300000,tt0468526,0
1557,0,tt0420346,0
1558,0,tt0479354,0
1559,0,tt0863037,0
1560,0,tt1018867,0
1561,0,tt1418206,0
1562,0,tt1085469,0
1563,0,tt0977667,0
1564,0,tt0447999,0
1565,0,,0
1566,0,tt0459605,0
1567,0,tt1031947,0
1568,2000000,tt0772157,0
1569,0,tt0496304,0
1570,0,tt0912592,0
1571,0,tt0783475,0
1572,16000000,tt0829459,18928871
1573,0,tt1084019,0
1574,0,,0
1575,0,tt0905979,0
1576,1500000,tt0491162,0
1577,0,tt0995739,0
1578,0,tt0469976,0
1579,0,tt0472639,0
1580,0,tt1191128,0
1581,0,tt1117666,0
1582,0,tt1312203,0
1583,0,tt1401663,0
1584,0,tt1186248,0
1585,0,tt1217631,0
1586,0,tt1305871,0
1587,0,tt0479044,0
1588,75000,tt1377796,0
1589,0,tt2765692,0
1590,0,tt1247184,0
1591,0,tt0792986,0
1592,0,tt1322930,0
1593,0,tt0914845,0
1594,0,tt1103145,0
1595,0,tt1388779,0
1596,0,tt1295021,0
1597,0,tt1080012,0
1598,0,tt1294138,0
1599,0,,0
1600,0,tt1487275,0
1601,0,tt1022885,0
1602,0,tt1247371,0
1603,0,tt1176244,0
1604,0,tt1326733,0
1605,0,tt1325025,0
1606,0,tt1478954,0
1607,0,tt1289451,0
1608,0,tt1347521,0
1609,0,tt1520428,0
1610,0,tt1285243,0
1611,0,tt1489904,0
1612,0,tt1570493,0
1613,0,,0
1614,0,tt1514426,0
1615,0,tt1493814,0
1616,0,tt1567247,0
1617,0,tt0949875,0
1618,0,tt1504960,0
1619,0,tt1395183,0
1620,0,tt1668193,0
1621,0,tt2957692,0
1622,0,tt1683490,0
1623,0,tt1648035,0
1624,0,tt5103484,0
1625,0,,0
1626,7500000,tt1451797,2000000
1627,0,tt1655117,0
1628,0,tt0439801,0
1629,0,tt1520973,0
1630,0,tt1640152,0
1631,0,tt1599351,0
1632,0,tt1659261,0
1633,0,tt1669698,0
1634,0,tt1806827,0
1635,0,tt2229463,0
1636,0,tt1782415,0
1637,0,tt1741637,0
1638,0,tt1899125,0
1639,0,tt1670363,0
1640,0,,0
1641,0,tt2076270,0
1642,0,tt1821527,0
1643,0,,0
1644,0,tt1837575,0
1645,0,tt1720073,0
1646,0,tt1753666,0
1647,34000,tt1742144,0
1648,0,tt2117844,0
1649,0,tt2075138,0
1650,0,tt5650014,0
1651,0,tt1758842,0
1652,0,tt1950222,0
1653,0,tt1868030,0
1654,0,tt1617006,0
1655,0,tt2041354,0
1656,0,tt1956466,0
1657,0,tt1849818,0
1658,0,tt2024422,0
1659,0,tt1807950,0
1660,0,,0
1661,0,tt2346378,0
1662,0,tt2244248,0
1663,0,tt2284158,0
1664,0,tt2322915,0
1665,0,tt2460426,0
1666,0,,0
1667,0,tt2167685,0
1668,0,tt2219564,0
1669,0,tt2476810,0
1670,0,tt1878805,0
1671,0,tt2166117,0
1672,0,tt2098781,0
1673,0,tt2190232,0
1674,0,tt2230619,0
1675,0,,0
1676,0,tt2567430,0
1677,0,tt2339467,0
1678,0,tt2160092,0
1679,0,tt1971385,0
1680,0,tt2983602,0
1681,0,tt2937112,0
1682,10000,tt4965254,0
1683,0,tt3354220,0
1684,0,tt2326886,0
1685,0,tt2673996,0
1686,0,,0
1687,0,tt3243636,0
1688,0,tt2630808,0
1689,0,tt2455264,0
1690,0,,0
1691,0,tt2924484,0
1692,0,tt2561812,0
1693,0,tt2836376,0
1694,0,tt2353092,0
1695,0,tt2807352,0
1696,0,tt2343137,0
1697,2250000,tt2245277,0
1698,0,tt2261629,0
1699,0,tt3640994,0
1700,0,tt3982854,0
1701,0,,0
1702,0,,0
1703,0,tt3419906,0
1704,0,tt3791028,0
1705,0,,0
1706,0,tt3512956,0
1707,0,tt3807784,0
1708,0,tt3703362,0
1709,0,tt0232063,0
1710,0,,0
1711,0,tt3046008,0
1712,0,tt2331107,0
1713,0,tt2314036,0
1714,0,tt3443616,0
1715,0,,0
1716,0,tt3113386,0
1717,3000000,tt3451498,5279982
1718,0,tt1280010,0
1719,0,tt3390724,0
1720,0,tt4324518,0
1721,0,tt2899142,0
1722,0,tt4446656,0
1723,0,tt3393198,0
1724,0,tt3205394,0
1725,0,tt3735810,0
1726,0,tt4636194,0
1727,0,,0
1728,0,tt3785740,0
1729,0,tt4604036,0
1730,0,tt4079566,0
1731,0,tt4622480,0
1732,0,,0
1733,0,tt3446062,0
1734,0,,0
1735,0,tt4230876,0
1736,0,tt4186386,0
1737,0,tt4289566,0
1738,0,tt4418168,0
1739,0,tt5468194,0
1740,0,tt2248739,0
1741,0,tt4934886,0
1742,0,tt4360406,0
1743,0,tt4076760,0
1744,0,tt5235666,0
1745,0,,0
1746,0,tt5095010,0
1747,0,tt4466872,0
1748,0,tt4957218,0
1749,0,,0
1750,0,tt6346314,0
1751,0,tt5477028,0
1752,0,tt3792884,0
1753,0,tt1663655,0
1754,0,tt3562852,0
1755,0,tt4663912,0
1756,0,tt2654572,0
1757,0,tt0790770,3460466
1758,0,tt4121640,0
1759,0,tt3900530,0
1760,0,tt0885495,0
1761,0,tt0760167,0
1762,0,tt0496585,0
1763,0,tt0816437,0
1764,0,tt0475277,0
1765,0,tt0491223,0
1766,0,tt0470082,0
1767,4200000,tt0409904,38862717
1768,0,tt0852726,0
1769,0,tt0448166,0
1770,0,,0
1771,0,tt0455400,0
1772,0,tt0460721,0
1773,0,tt0826027,0
1774,0,tt0486554,0
1775,0,tt0480251,0
1776,0,tt2036436,0
1777,0,tt0905330,0
1778,0,tt0476546,0
1779,0,tt1038990,0
1780,0,tt1091744,0
1781,0,tt0907680,0
1782,0,tt1323941,0
1783,0,tt0972390,0
1784,0,tt0792992,0
1785,15000,tt1031274,0
1786,0,tt0790612,0
1787,0,tt0922627,0
1788,0,tt0909010,0
1789,0,tt2498396,0
1790,0,tt1346294,0
1791,5000000,tt0937237,782102
1792,0,tt1007920,0
1793,0,tt2330312,0
1794,0,tt0814106,0
1795,0,tt2349554,0
1796,0,tt0920470,0
1797,0,tt0814795,0
1798,0,tt0783515,0
1799,500000,tt0469966,0
1800,0,tt1321817,0
1801,0,tt1249306,0
1802,0,tt1039914,0
1803,0,tt1256635,0
1804,0,tt1056067,0
1805,0,tt1132578,0
1806,0,tt1014809,0
1807,0,tt1301160,0
1808,0,tt0892391,0
1809,0,tt1346516,0
1810,0,tt1284577,0
1811,0,tt1266093,0
1812,0,tt1401664,0
1813,0,,0
1814,0,,0
1815,0,tt1002536,0
1816,20000000,tt1024255,21972336
1817,0,tt2292707,0
1818,0,tt1234240,0
1819,0,,0
1820,500000,tt1144551,11276
1821,0,tt1764482,0
1822,0,tt1363483,0
1823,0,tt1423419,0
1824,0,tt1135525,0
1825,0,tt2355695,0
1826,1200000,tt1333015,0
1827,0,tt1031241,0
1828,0,,0
1829,5000000,tt1311699,0
1830,0,tt1358383,0
1831,0,tt1403854,0
1832,0,tt1453239,0
1833,0,tt1123894,0
1834,0,tt1432150,0
1835,4000,tt1368989,0
1836,0,tt1576484,0
1837,0,tt1546975,0
1838,0,tt1623738,0
1839,0,tt1483751,0
1840,0,tt1733118,0
1841,0,tt1490622,0
1842,0,tt1573485,0
1843,0,tt1606192,0
1844,0,,0
1845,0,tt2104922,0
1846,0,,0
1847,0,tt2604330,0
1848,0,tt1706365,0
1849,0,tt1787758,0
1850,0,,0
1851,0,tt1645042,0
1852,0,,0
1853,0,tt1273241,0
1854,0,tt1137482,0
1855,0,tt1553301,0
1856,0,tt1743941,0
1857,0,tt1739198,0
1858,0,tt1863262,0
1859,0,tt1694539,0
1860,0,tt1943035,0
1861,0,tt4925738,0
1862,0,tt1756750,0
1863,0,tt1986935,0
1864,0,tt2106460,0
1865,0,tt2137267,0
1866,0,tt1849824,0
1867,0,tt1628042,0
1868,0,tt1589505,0
1869,0,tt1862472,0
1870,0,tt1942972,0
1871,0,tt2181845,0
1872,0,tt2010914,0
1873,0,tt1950304,0
1874,0,tt1744825,0
1875,0,tt1820531,0
1876,0,tt1884351,0
1877,2500000,tt1382722,0
1878,0,tt2042633,0
1879,0,tt1641252,0
1880,0,tt2296677,0
1881,0,tt6271102,0
1882,0,tt2653340,0
1883,0,tt2214941,0
1884,0,tt2137170,0
1885,0,tt2402200,0
1886,0,tt2279306,0
1887,0,tt1942900,0
1888,0,tt2120051,0
1889,0,tt2292845,0
1890,0,tt2355775,0
1891,0,tt2355795,0
1892,0,tt2091399,0
1893,0,tt1964795,0
1894,0,,0
1895,0,,0
1896,0,tt2464814,0
1897,0,tt3056040,0
1898,0,tt2374860,0
1899,0,tt1686326,0
1900,0,tt3268034,0
1901,0,tt2603496,0
1902,0,tt2195922,0
1903,0,,0
1904,0,tt3353658,0
1905,0,tt2660068,0
1906,0,tt2965852,0
1907,0,tt1871241,0
1908,0,,0
1909,0,tt4477194,0
1910,0,tt3238134,0
1911,0,tt3446120,0
1912,0,tt3755864,0
1913,0,,0
1914,0,tt3170622,0
1915,0,tt3869356,0
1916,0,tt2150139,0
1917,0,tt2303074,0
1918,0,tt2397425,0
1919,0,tt2391622,0
1920,0,tt1282046,0
1921,0,tt3821142,0
1922,0,tt4291666,0
1923,0,tt4433674,0
1924,0,tt4042834,0
1925,0,tt4162986,0
1926,0,,0
1927,0,tt4427084,0
1928,0,tt3773012,0
1929,0,tt3282370,0
1930,0,tt3971350,0
1931,0,tt3296204,0
1932,0,tt3438608,0
1933,0,tt2385189,0
1934,0,tt3024964,0
1935,0,tt3737220,0
1936,0,tt2240306,0
1937,5000,tt4007618,0
1938,3000000,tt3233224,3000000
1939,5000000,tt2473682,86362372
1940,0,tt4544278,0
1941,0,tt3591946,0
1942,0,tt5615886,0
1943,0,tt4994782,0
1944,0,tt3257610,0
1945,0,,0
1946,0,tt3683072,0
1947,0,tt2898306,0
1948,0,tt4155146,0
1949,0,,0
1950,0,tt4304830,0
1951,0,,0
1952,5000000,tt3138782,0
1953,0,tt3359650,0
1954,0,tt4847952,0
1955,0,tt3593666,0
1956,0,tt2690560,0
1957,0,tt3480446,0
1958,0,tt2948712,0
1959,0,tt3589016,0
1960,0,tt4368086,0
1961,0,tt5111874,0
1962,0,tt5454982,0
1963,0,tt4697586,0
1964,0,tt3222852,0
1965,0,tt3611280,0
1966,1150118,tt3955894,0
1967,0,tt5091100,0
1968,0,tt4150988,0
1969,0,tt4283358,0
1970,0,tt4096608,0
1971,0,tt4924618,0
1972,0,tt4073868,0
1973,0,tt5072466,0
1974,0,tt5129818,0
1975,0,tt5121000,0
1976,0,tt3770426,0
1977,0,tt5842022,0
1978,0,,0
1979,0,,0
1980,0,,0
1981,0,tt0870032,0
1982,0,tt0470290,0
1983,0,tt0493467,0
1984,0,tt0859741,0
1985,0,tt0838254,0
1986,0,tt0795376,0
1987,0,tt0862946,0
1988,0,tt0778129,0
1989,0,tt0875123,0
1990,0,tt0814115,0
1991,0,,0
1992,0,tt0830896,0
1993,500000,tt0796245,0
1994,0,tt1071242,0
1995,0,tt0433575,0
1996,0,tt0451225,0
1997,0,tt0891558,0
1998,0,,0
1999,0,tt0906787,0
2000,0,tt1294207,0
2001,0,tt0441764,0
2002,0,,0
2003,0,tt1469273,0
2004,0,tt0447659,0
2005,0,tt1071232,0
2006,0,tt0368414,0
2007,0,tt1047890,0
2008,0,tt1103156,0
2009,0,tt1214963,0
2010,0,tt1214965,0
2011,3550000,tt0471359,0
2012,0,tt1090327,0
2013,0,,0
2014,0,tt1213126,0
2015,0,tt1251020,0
2016,0,tt1629282,0
2017,0,tt1037811,0
2018,0,tt1530487,0
2019,0,tt1077346,0
2020,0,tt0808244,0
2021,0,tt1224519,0
2022,0,tt0494277,0
2023,0,tt1224153,0
2024,0,tt0875705,0
2025,0,tt1213883,0
2026,0,tt1150947,0
2027,0,tt1201984,0
2028,0,tt1166110,0
2029,0,tt1305816,0
2030,0,,0
2031,0,tt1205551,0
2032,0,tt0940620,0
2033,0,tt1094295,0
2034,0,tt0999872,0
2035,2000000,tt0988083,0
2036,0,tt0814131,0
2037,0,tt1192431,0
2038,0,tt1235433,0
2039,0,tt1373122,0
2040,0,tt1505145,0
2041,0,tt1583321,0
2042,0,tt1528787,0
2043,0,,0
2044,0,tt1508343,0
2045,0,tt1417101,0
2046,0,tt1860202,0
2047,0,tt1326869,0
2048,0,,0
2049,0,tt1029269,0
2050,0,tt0760166,0
2051,0,tt0080677,0
2052,0,tt1391581,0
2053,0,tt1500819,0
2054,50000,tt1460014,0
2055,0,tt1225698,0
2056,0,tt1347104,0
2057,0,,0
2058,0,tt0887966,0
2059,0,tt1585269,0
2060,300,tt1651138,0
2061,0,tt1590802,0
2062,0,tt1426355,0
2063,0,tt1314161,0
2064,0,tt1675261,0
2065,0,tt1671465,0
2066,0,tt1888516,0
2067,0,tt1629372,0
2068,0,,0
2069,0,,0
2070,0,tt1540772,0
2071,0,tt1442576,0
2072,0,tt1408062,0
2073,0,tt1421374,0
2074,0,tt1063327,0
2075,0,tt1845776,0
2076,0,tt1486186,0
2077,0,tt2049386,0
2078,0,,0
2079,0,tt1803230,0
2080,1000000,tt2258583,2000000
2081,0,tt1980315,0
2082,0,tt1846809,0
2083,0,tt1934299,0
2084,0,tt1967487,0
2085,0,tt1884250,0
2086,0,tt1997412,0
2087,0,,0
2088,0,tt1682179,0
2089,0,tt1992184,0
2090,0,tt1931480,0
2091,0,tt1947238,0
2092,0,tt1309178,0
2093,0,tt1555864,0
2094,0,tt2023519,0
2095,0,tt1715861,0
2096,0,,0
2097,0,tt5150548,0
2098,0,,0
2099,0,tt2018050,0
2100,200000,tt1714828,0
2101,0,,0
2102,0,tt2628144,0
2103,0,tt1948521,0
2104,0,tt2866550,0
2105,0,tt3044432,0
2106,0,tt2194182,0
2107,0,,0
2108,0,tt1607577,0
2109,0,tt2565938,0
2110,0,tt3080074,0
2111,0,tt2171923,0
2112,0,tt1820723,0
2113,0,tt1766094,0
2114,0,tt2445310,0
2115,0,,0
2116,0,tt2380249,0
2117,0,tt1893277,0
2118,12500,tt1506438,0
2119,0,tt2258529,0
2120,4000,tt3572448,0
2121,0,tt2628316,0
2122,0,,0
2123,0,tt3646316,0
2124,0,tt2925162,0
2125,0,tt2801538,0
2126,0,,0
2127,0,tt2621110,0
2128,0,tt3246158,0
2129,0,tt3155132,0
2130,60,tt2760434,0
2131,0,tt2298304,0
2132,0,tt2246831,0
2133,0,tt2665470,0
2134,0,,0
2135,0,tt4239738,0
2136,0,tt2891228,0
2137,0,tt3438602,0
2138,0,tt3349644,0
2139,0,tt2950996,0
2140,0,tt2848252,0
2141,1000000,tt3174226,0
2142,0,tt3130506,0
2143,0,tt3266950,0
2144,0,tt2395465,0
2145,0,tt4094196,0
2146,0,tt4666850,0
2147,0,tt4283110,0
2148,0,tt3263874,0
2149,0,,0
2150,0,tt4084842,0
2151,0,tt4235252,0
2152,0,tt1887671,0
2153,0,tt2974454,0
2154,0,tt3864696,0
2155,0,,0
2156,0,tt3328936,0
2157,0,tt4480618,0
2158,0,,0
2159,0,tt3238136,0
2160,0,tt3475596,0
2161,0,tt3500724,0
2162,0,tt2914740,0
2163,0,tt2141773,157768
2164,0,tt2033933,0
2165,0,tt2786526,0
2166,0,tt3948764,0
2167,0,tt3875548,0
2168,0,tt4364862,0
2169,0,tt4418070,0
2170,0,tt3213654,0
2171,0,tt5594358,0
2172,0,tt2901718,0
2173,0,tt4569172,0
2174,0,tt5105450,0
2175,0,tt3772902,0
2176,0,,0
2177,0,,0
2178,0,,0
2179,0,tt4535652,0
2180,0,tt3762284,0
2181,0,tt5392738,0
2182,0,tt4568370,0
2183,0,tt4386356,0
2184,0,,0
2185,0,tt5231726,0
2186,0,tt2662710,0
2187,0,tt4040042,0
2188,0,tt3505754,0
2189,0,tt5254414,0
2190,0,tt4432418,0
2191,0,tt5050788,0
2192,0,tt5135256,0
2193,0,tt3836530,0
2194,0,,0
2195,0,tt5169864,0
2196,0,tt3576728,0
2197,0,tt4796848,0
2198,0,tt3531080,0
2199,0,tt4070374,0
2200,0,tt1277937,0
2201,0,tt0800962,0
2202,0,tt0873597,0
2203,0,tt1371627,0
2204,0,,0
2205,0,tt0433405,0
2206,0,tt0390245,0
2207,0,tt0948465,0
2208,1066480,tt0460742,0
2209,0,tt0884819,0
2210,0,tt0244521,0
2211,0,,0
2212,0,tt1828247,0
2213,0,tt0494253,0
2214,0,tt1543272,0
2215,0,tt0492878,0
2216,0,tt0808439,0
2217,0,tt0391229,0
2218,0,,0
2219,0,tt0800334,0
2220,0,tt1092022,0
2221,0,tt0826547,0
2222,0,tt1104684,0
2223,0,tt1147764,0
2224,0,,0
2225,0,tt0830882,0
2226,0,tt0852442,0
2227,0,tt0806136,0
2228,0,tt0892408,0
2229,0,,0
2230,1000000,tt0926758,0
2231,0,tt1540946,0
2232,0,,0
2233,0,tt0979872,0
2234,0,tt1815763,0
2235,600000,tt0859627,0
2236,5000000,tt2323972,0
2237,0,,0
2238,0,tt1697657,0
2239,0,tt0991167,0
2240,0,,0
2241,0,tt1735847,0
2242,0,tt1204153,0
2243,0,tt0929441,0
2244,0,,0
2245,0,tt1209301,0
2246,0,tt1419915,0
2247,5,tt1474921,0
2248,0,tt1127227,0
2249,0,tt0448182,0
2250,0,tt1233482,0
2251,0,tt1430641,0
2252,0,tt1735845,0
2253,0,tt1385581,0
2254,0,tt1313242,0
2255,0,tt4145892,0
2256,0,tt1233489,0
2257,0,,0
2258,0,tt0848556,0
2259,0,,0
2260,0,tt1393009,0
2261,0,tt1648124,0
2262,0,tt1452937,0
2263,0,tt1798097,0
2264,0,tt1486833,0
2265,0,tt1337120,0
2266,0,tt1309188,0
2267,15000000,tt1258137,0
2268,0,tt1230387,0
2269,0,tt2167988,0
2270,5000,tt1502421,0
2271,0,tt0818170,0
2272,0,tt0831916,0
2273,0,tt1230214,0
2274,0,tt1379064,0
2275,0,tt1223082,0
2276,0,tt0432314,0
2277,0,tt2007955,0
2278,0,tt1131747,0
2279,0,tt1074214,0
2280,0,tt1673499,0
2281,0,,0
2282,0,tt1709711,0
2283,0,tt1754597,0
2284,0,tt1644523,0
2285,0,tt2194517,0
2286,0,,0
2287,7000000,tt1106860,46488
2288,0,tt1615885,0
2289,0,tt1874658,0
2290,0,tt1650547,0
2291,0,tt1596352,0
2292,0,tt1127897,0
2293,0,tt1580426,0
2294,700000,tt1680306,3890000
2295,0,tt1761007,0
2296,0,tt2266727,0
2297,0,tt1757940,0
2298,0,tt1783298,0
2299,0,,0
2300,0,tt3268536,0
2301,0,tt1745651,0
2302,0,tt1815764,0
2303,0,tt2336269,0
2304,0,tt2089681,0
2305,0,tt6712446,0
2306,0,tt1910540,0
2307,0,tt1849027,0
2308,0,tt1779401,0
2309,0,tt1965279,0
2310,0,,0
2311,0,tt1458503,0
2312,0,tt1830585,0
2313,0,tt3479540,0
2314,0,tt1747989,0
2315,0,tt1922632,0
2316,0,tt1924334,0
2317,8100000,tt1535429,0
2318,0,tt2004244,0
2319,0,tt1841653,0
2320,33000,tt2057499,0
2321,0,tt3377214,0
2322,0,tt2106739,0
2323,0,tt2211602,0
2324,0,,0
2325,0,tt1991897,0
2326,0,tt2150369,0
2327,0,tt2408026,0
2328,0,,0
2329,0,tt2579732,0
2330,0,tt2083264,0
2331,0,tt2505856,0
2332,0,tt2075340,0
2333,0,tt2150215,0
2334,0,tt2109153,0
2335,0,tt2485964,0
2336,0,tt2253947,0
2337,0,tt2234495,0
2338,0,tt2290475,0
2339,0,tt2492654,0
2340,0,tt3012528,0
2341,0,tt2852316,0
2342,0,tt2170238,0
2343,0,tt3028410,0
2344,0,,0
2345,0,tt2841786,0
2346,0,,0
2347,0,tt1639397,0
2348,0,tt3406808,0
2349,0,tt3377618,0
2350,0,tt2947610,0
2351,0,tt2512862,0
2352,0,tt2971904,0
2353,0,,0
2354,0,tt1863201,0
2355,0,,0
2356,1500000,tt2663744,0
2357,0,,0
2358,0,tt2457258,0
2359,0,tt1492849,0
2360,0,tt3901154,0
2361,0,tt4173938,0
2362,0,tt3518804,0
2363,0,tt4156264,0
2364,0,tt4157192,0
2365,0,tt4156148,0
2366,0,tt4226458,0
2367,0,tt4249964,0
2368,0,tt5839922,0
2369,0,tt4094286,0
2370,0,tt3349370,0
2371,0,tt3645810,0
2372,0,tt3712470,0
2373,0,tt3714198,0
2374,0,tt3727280,0
2375,0,tt3730344,0
2376,0,tt3733104,0
2377,0,tt3742456,0
2378,0,tt3747554,0
2379,0,tt3763172,0
2380,0,tt5326580,0
2381,0,tt4793682,0
2382,0,tt4342422,0
2383,0,,0
2384,0,tt4715198,0
2385,0,tt4678088,0
2386,0,tt4434372,0
2387,0,tt4645346,0
2388,0,tt4617516,0
2389,0,tt4589622,0
2390,0,tt4490460,0
2391,0,tt4600750,0
2392,0,tt4293868,0
2393,0,tt5221574,0
2394,0,tt4242112,0
2395,0,,0
2396,0,tt2191900,0
2397,0,tt3777916,0
2398,0,tt3957964,0
2399,0,tt3768472,0
2400,0,tt4818930,0
2401,0,tt5105218,0
2402,0,tt4161586,0
2403,0,tt5513770,0
2404,0,tt4119278,0
2405,0,tt4468600,0
2406,10000,tt5189666,0
2407,0,tt5095510,0
2408,0,tt2784818,0
2409,0,tt3721390,0
2410,0,tt3731176,0
2411,0,tt5075490,0
2412,0,tt5127108,0
2413,0,tt4183216,0
2414,0,tt4621256,0
2415,0,,0
2416,0,,0
2417,0,tt5317950,0
2418,0,,0
2419,0,,0
2420,0,tt0450972,0
2421,0,tt0469897,0
2422,0,tt0425151,0
2423,0,tt0880455,0
2424,0,tt1727525,0
2425,0,tt2216526,0
2426,0,tt0466745,0
2427,0,tt0486118,0
2428,0,tt0494218,0
2429,0,tt0499652,0
2430,0,tt0855841,0
2431,0,tt0426138,0
2432,0,tt1292568,0
2433,0,,0
2434,0,tt0904050,0
2435,0,tt2105015,0
2436,0,tt0800350,0
2437,0,tt0841111,0
2438,0,tt0800960,0
2439,0,tt0469062,0
2440,0,tt1279185,0
2441,0,tt1033467,0
2442,0,tt0902955,0
2443,190000,tt0878695,0
2444,4200000,tt0834941,0
2445,0,tt0810945,0
2446,0,tt0791106,0
2447,250000,tt0903849,0
2448,0,,0
2449,0,tt0479008,0
2450,0,tt1121964,0
2451,0,tt1139804,0
2452,0,tt0887973,0
2453,0,tt0393956,0
2454,0,tt0462295,0
2455,0,tt0488023,0
2456,0,tt0854672,0
2457,0,tt1175487,0
2458,0,tt1090360,0
2459,0,tt1403123,0
2460,0,tt1360814,0
2461,0,tt1422041,0
2462,0,tt2059525,0
2463,0,tt1027760,0
2464,0,tt0984084,0
2465,0,tt1310375,0
2466,0,tt1340635,0
2467,0,tt1213858,0
2468,0,tt1315030,0
2469,0,tt1202749,0
2470,0,tt1801805,0
2471,0,tt1935253,0
2472,0,tt1379176,0
2473,0,tt1320242,0
2474,0,tt1214964,0
2475,0,tt0983242,0
2476,0,tt1024733,0
2477,0,tt1086797,0
2478,0,tt0820872,0
2479,4700000,tt1074929,0
2480,0,tt0960066,0
2481,0,tt1090646,0
2482,0,tt1433562,0
2483,0,tt1350940,0
2484,0,tt1489946,0
2485,0,tt0374853,0
2486,0,tt1028581,0
2487,0,tt0857275,0
2488,0,tt1016075,0
2489,0,tt1368855,0
2490,0,tt1302548,0
2491,0,tt1379667,0
2492,0,tt1180311,0
2493,0,tt1525786,0
2494,0,,0
2495,0,tt1471342,0
2496,0,,0
2497,0,tt1505346,0
2498,0,tt1307065,0
2499,0,tt1272013,0
2500,0,,0
2501,0,tt1577055,0
2502,0,tt1484522,0
2503,0,tt1763270,0
2504,0,tt1541613,0
2505,0,tt1319712,0
2506,500000,tt1232202,0
2507,0,tt1674769,0
2508,0,tt1407071,0
2509,0,,0
2510,0,tt1756423,0
2511,0,tt1723021,0
2512,0,,0
2513,0,tt4675474,0
2514,0,tt1675314,0
2515,0,tt1252507,0
2516,0,tt1779492,0
2517,0,tt1421040,0
2518,0,tt1639406,0
2519,0,,0
2520,0,tt1811293,0
2521,0,tt1909270,0
2522,0,tt1696190,0
2523,0,tt1906487,0
2524,0,tt1669687,0
2525,0,,0
2526,0,tt1717690,0
2527,0,tt1816642,0
2528,0,tt2070748,0
2529,0,tt2041506,0
2530,0,tt2066017,0
2531,0,tt1833781,0
2532,0,tt2640570,0
2533,0,tt1419769,0
2534,2800000,tt1695763,0
2535,100,tt1748239,0
2536,0,,0
2537,0,tt1699513,0
2538,0,tt1416336,0
2539,5000000,tt1728975,0
2540,0,,0
2541,0,tt2951876,0
2542,0,,0
2543,0,tt4933434,0
2544,0,tt2422326,0
2545,0,tt2666080,0
2546,0,tt1982597,0
2547,0,tt2234575,0
2548,0,tt2328841,0
2549,0,tt2234297,0
2550,0,tt2130300,0
2551,0,tt2611060,0
2552,0,tt4167726,0
2553,0,tt1965029,0
2554,0,tt2399354,0
2555,0,tt3514844,0
2556,0,tt2404297,0
2557,0,tt3920828,0
2558,0,tt2385129,0
2559,0,tt2249626,0
2560,0,tt2108629,0
2561,0,tt2343549,0
2562,0,tt3294974,0
2563,6000000,tt1333125,32438988
2564,0,tt3078754,0
2565,850000,tt2093280,0
2566,0,tt2419246,0
2567,0,tt2503968,0
2568,0,,0
2569,0,tt2345721,0
2570,0,tt3599538,0
2571,0,tt6096808,0
2572,0,tt3295974,0
2573,0,,0
2574,0,tt3059006,0
2575,0,tt3212350,0
2576,0,tt2066982,0
2577,0,tt2892340,0
2578,0,tt2739524,0
2579,0,tt2622988,0
2580,0,tt3787562,0
2581,0,tt3798156,0
2582,0,tt3823798,0
2583,0,tt3847606,0
2584,0,tt3915328,0
2585,0,tt3945782,0
2586,0,tt3969566,0
2587,0,tt4024064,0
2588,0,tt4039492,0
2589,0,tt4126496,0
2590,0,tt4463766,0
2591,0,tt4346322,0
2592,0,tt4635166,0
2593,0,tt3097706,0
2594,0,tt3827508,0
2595,0,tt4715646,0
2596,0,tt4405786,0
2597,0,tt4378194,0
2598,0,tt4667938,0
2599,0,tt3712310,0
2600,0,tt4976660,0
2601,0,tt4154728,0
2602,0,tt3148552,0
2603,0,tt1764355,0
2604,0,tt3707514,0
2605,0,tt4448290,0
2606,0,tt3778204,0
2607,0,tt4163296,0
2608,0,tt3017234,0
2609,0,tt4529904,0
2610,0,tt4157696,0
2611,0,tt3837976,0
2612,0,tt3549566,0
2613,0,tt3505682,0
2614,0,tt4198034,0
2615,0,tt3247924,0
2616,1200000,tt3380104,0
2617,0,tt4837872,0
2618,0,tt2720726,0
2619,0,tt2805976,0
2620,0,tt5948688,0
2621,0,tt5311546,0
2622,0,tt5275830,0
2623,0,,0
2624,0,tt4219652,0
2625,0,tt5271264,0
2626,0,,0
2627,0,tt3845232,0
2628,1170374,tt3833748,0
2629,0,,0
2630,0,,0
2631,0,tt4785616,0
2632,0,tt5945222,0
2633,0,tt5315110,9409000
2634,0,tt4941204,0
2635,0,,0
2636,0,tt4897890,3000000
2637,0,tt4312730,0
2638,0,,0
2639,0,tt5301624,0
2640,0,tt0438204,0
2641,0,tt0476013,0
2642,0,tt0463963,0
2643,0,tt0844338,0
2644,0,tt0468463,0
2645,0,tt0409962,0
2646,0,tt0795403,0
2647,0,tt1200073,0
2648,0,,0
2649,0,,0
2650,0,tt0861769,0
2651,0,,0
2652,0,,0
2653,0,tt0458480,0
2654,0,tt0478210,0
2655,0,tt0828568,0
2656,0,tt0446132,0
2657,0,tt0808450,0
2658,0,tt0951297,0
2659,0,tt0462346,13022756
2660,0,tt1099203,0
2661,0,tt0489318,0
2662,0,tt0932547,0
2663,0,tt0774106,0
2664,0,tt0905329,0
2665,12000000,tt0910934,0
2666,0,tt0791225,0
2667,0,tt0870209,0
2668,0,tt0828158,0
2669,0,tt0983244,0
2670,0,tt1086704,0
2671,0,tt0803052,0
2672,0,tt1264961,0
2673,0,tt1461696,0
2674,0,,0
2675,0,,0
2676,0,,0
2677,500000,tt0475330,0
2678,0,tt1105273,0
2679,0,tt0462362,0
2680,0,tt0907848,0
2681,0,tt1229764,0
2682,0,tt1156170,0
2683,0,tt1382454,0
2684,0,tt1189341,0
2685,0,tt1419747,0
2686,0,tt1444675,0
2687,0,tt1323914,0
2688,0,tt1185390,0
2689,0,tt0896031,0
2690,0,tt1309151,0
2691,0,tt1073482,0
2692,400000,tt0457286,0
2693,0,tt0422734,0
2694,0,tt0972378,0
2695,0,tt1377421,0
2696,0,tt0473267,0
2697,0,tt0791303,0
2698,0,tt1106447,0
2699,0,tt1033468,0
2700,425000,tt1270291,0
2701,0,tt1082007,0
2702,2000000,tt1236484,0
2703,8000000,tt1249415,0
2704,0,tt0464096,0
2705,0,tt1217645,0
2706,0,tt1222663,0
2707,0,tt1539313,0
2708,200000,tt1376239,0
2709,0,,0
2710,0,tt1203519,0
2711,0,tt0496456,0
2712,0,tt2955556,0
2713,0,tt2836730,0
2714,0,tt1513185,0
2715,0,tt1600864,0
2716,0,tt1552187,0
2717,0,tt1360832,0
2718,400000,tt0476009,0
2719,0,,0
2720,3600000,tt1129396,0
2721,0,tt1429451,0
2722,0,,0
2723,0,,0
2724,0,,0
2725,0,,0
2726,0,,0
2727,0,,0
2728,0,tt1323917,0
2729,0,tt1587414,0
2730,0,tt1785279,0
2731,0,tt1652207,0
2732,0,tt1461302,0
2733,0,tt1441941,0
2734,0,tt1470172,0
2735,0,tt1703237,0
2736,0,tt1914395,0
2737,0,tt1583277,0
2738,0,tt1664708,0
2739,0,tt1610383,0
2740,0,tt1839591,0
2741,0,tt1510925,0
2742,0,,0
2743,0,,0
2744,0,tt2499802,0
2745,0,tt2007514,0
2746,0,tt1869235,0
2747,0,tt1628043,0
2748,0,tt2248731,0
2749,0,,0
2750,0,,0
2751,1000000,tt1641253,0
2752,0,tt2114409,0
2753,0,tt3013544,0
2754,0,tt2219792,0
2755,0,tt2087738,0
2756,0,tt1374996,0
2757,0,tt2076292,0
2758,0,tt1959596,0
2759,0,tt1687905,0
2760,0,tt2332050,0
2761,0,tt2759584,0
2762,0,tt2313482,0
2763,0,,0
2764,0,tt2327279,0
2765,0,tt2625920,0
2766,0,tt2323543,0
2767,0,tt2198432,0
2768,0,tt2310011,0
2769,0,tt2359982,0
2770,0,tt3428606,0
2771,0,tt2065881,0
2772,0,tt3793514,0
2773,0,tt2277352,0
2774,0,tt3080034,0
2775,1000000,tt2098627,0
2776,0,tt1831623,0
2777,0,tt1836926,0
2778,1200000,tt2180333,0
2779,0,,0
2780,0,tt3138912,0
2781,0,tt2930808,0
2782,0,tt2565280,0
2783,0,tt1823684,0
2784,0,,0
2785,0,tt2759340,0
2786,0,,0
2787,0,tt2641864,0
2788,0,tt2798660,0
2789,0,tt2563562,0
2790,0,tt2675318,0
2791,0,tt2413516,0
2792,0,,0
2793,0,tt2349142,0
2794,0,tt3392122,0
2795,0,tt2367988,0
2796,0,tt3257588,0
2797,0,tt3203096,0
2798,0,tt2443356,0
2799,0,,0
2800,0,tt3633760,0
2801,0,tt4159738,0
2802,0,tt3378194,0
2803,0,tt3675066,0
2804,0,tt3823592,0
2805,0,tt3832190,0
2806,0,tt3917036,0
2807,0,tt4036218,0
2808,0,tt4040730,0
2809,0,tt4041230,0
2810,0,tt4046006,0
2811,0,tt3761946,0
2812,0,tt4144186,0
2813,0,tt2888898,0
2814,0,tt4205684,0
2815,0,tt4076786,0
2816,0,tt4289484,0
2817,0,tt4094166,0
2818,0,tt4329778,0
2819,0,tt3064620,0
2820,0,tt4597430,0
2821,0,tt4596518,0
2822,0,tt2286506,0
2823,0,tt3355014,0
2824,0,tt2781254,0
2825,0,tt2111292,0
2826,2000000,tt4393278,0
2827,0,tt3869392,0
2828,600000,tt4207196,0
2829,0,tt5304634,0
2830,0,tt4319464,0
2831,0,tt3250590,0
2832,0,tt2088888,0
2833,0,tt3161386,0
2834,0,,0
2835,0,,0
2836,0,tt1212403,0
2837,0,tt6862434,0
2838,25000,tt3785520,0
2839,100000,tt1666823,0
2840,0,tt5510182,0
2841,0,tt6460636,0
2842,0,tt5430020,3933000
2843,10000000,tt5290524,0
2844,12000000,tt4788934,0
2845,0,tt5518902,0
2846,0,tt5246126,0
2847,0,tt4417510,0
2848,0,,0
2849,0,tt4845252,0
2850,0,tt5200814,0
2851,0,,0
2852,0,tt4894198,0
2853,0,tt5467936,0
2854,0,,0
2855,0,tt5783208,0
2856,0,,0
2857,0,tt5220428,0
2858,0,tt3399078,0
2859,0,tt3993350,0
2860,8000000,tt0457275,0
2861,0,tt0827786,0
2862,0,tt0439569,0
2863,350000,tt0765481,0
2864,0,tt0757264,0
2865,0,tt0808462,0
2866,0,tt0477065,0
2867,0,tt0991232,0
2868,0,tt1549781,0
2869,0,tt0443501,0
2870,0,,0
2871,0,tt1510811,0
2872,250000,tt0475989,0
2873,0,tt1226779,0
2874,0,tt0801820,0
2875,0,tt1708434,0
2876,0,tt0800201,0
2877,0,tt0799960,0
2878,0,tt0491698,0
2879,0,tt0765437,0
2880,0,tt0772200,0
2881,0,tt1230164,0
2882,0,,0
2883,0,tt0897287,0
2884,0,tt0923688,0
2885,0,tt0847745,0
2886,0,tt0972555,0
2887,0,tt1239313,0
2888,0,tt0499456,0
2889,0,tt2138002,0
2890,0,tt1015994,0
2891,0,tt1260704,0
2892,0,tt1467133,0
2893,0,tt0902279,0
2894,0,tt0923699,0
2895,0,tt2091862,0
2896,0,tt1094267,0
2897,0,tt0847510,0
2898,0,tt5624356,0
2899,0,tt1023135,0
2900,0,tt1337090,0
2901,30000000,tt1182924,0
2902,14000000,tt1146325,25000000
2903,0,tt1596777,0
2904,0,tt1355568,0
2905,0,tt1129415,0
2906,0,tt1159622,0
2907,0,,0
2908,0,tt1121628,0
2909,0,tt1347358,0
2910,0,,0
2911,0,tt1366246,0
2912,0,tt1250944,0
2913,0,tt0892779,0
2914,0,tt1159705,0
2915,0,tt1216300,0
2916,0,tt1472159,0
2917,0,tt1059773,0
2918,0,tt1470820,0
2919,0,tt1236325,0
2920,0,tt1444706,0
2921,0,tt1185242,0
2922,0,tt1242618,0
2923,0,,0
2924,0,tt1342437,0
2925,0,tt1137999,0
2926,0,tt1467088,0
2927,1000000,tt1104834,0
2928,0,tt1436336,0
2929,0,tt1263679,0
2930,0,tt0837795,0
2931,0,tt1078895,0
2932,0,tt2087863,0
2933,0,,0
2934,0,tt1305112,0
2935,0,,0
2936,0,tt1470728,0
2937,500,tt1581322,0
2938,0,tt1248886,0
2939,0,tt1527163,0
2940,0,tt1754146,0
2941,0,tt1712587,0
2942,0,tt1805334,0
2943,0,tt1481574,0
2944,0,tt1805315,0
2945,25500000,tt1334573,0
2946,0,tt1606229,0
2947,0,tt2319488,0
2948,0,tt1617630,0
2949,0,tt1071783,0
2950,0,tt1603444,0
2951,0,tt1612107,0
2952,0,tt1601814,0
2953,0,tt1718182,0
2954,0,tt1650461,0
2955,0,tt1630311,0
2956,0,tt1741549,0
2957,0,tt1621180,0
2958,0,tt1587109,0
2959,0,tt1790644,0
2960,0,tt2258513,0
2961,0,tt2446364,0
2962,0,tt2121322,0
2963,0,tt1883370,0
2964,0,tt1954977,0
2965,0,tt1193126,0
2966,0,tt2229173,0
2967,0,tt1833678,0
2968,0,tt1514435,0
2969,0,,0
2970,0,,0
2971,0,tt2661568,0
2972,0,tt2273243,0
2973,0,tt1990371,0
2974,0,tt2261909,0
2975,0,,0
2976,0,,0
2977,0,,0
2978,0,tt2343489,0
2979,0,tt1859435,0
2980,0,,0
2981,0,tt2088933,0
2982,0,tt2322683,0
2983,3000000,tt1418712,0
2984,0,tt2147293,0
2985,0,tt1941645,0
2986,2100,tt2139813,0
2987,1000000,tt1754506,0
2988,0,tt1825728,0
2989,0,tt2375417,0
2990,0,tt1754750,0
2991,0,tt1852947,0
2992,0,tt2723912,0
2993,0,tt2796754,0
2994,0,,0
2995,0,,0
2996,0,tt2069756,0
2997,1000000,tt2112307,0
2998,0,tt2214749,0
2999,0,tt2182115,0
3000,0,tt2375763,0
3001,0,,0
3002,0,tt3059576,0
3003,0,,0
3004,0,tt3375428,0
3005,0,tt2066123,0
3006,0,,0
3007,300,tt3273964,0
3008,0,tt3326046,0
3009,0,,0
3010,0,tt3699442,0
3011,0,tt1634808,0
3012,0,,0
3013,0,,0
3014,0,tt1368421,0
3015,0,tt2355150,0
3016,0,tt2133230,0
3017,0,,0
3018,0,,0
3019,0,tt2155656,0
3020,0,tt3100678,0
3021,0,tt3529404,0
3022,0,tt3159738,0
3023,0,tt2701778,0
3024,0,tt2912974,0
3025,0,tt3560658,0
3026,0,tt2979366,0
3027,0,,0
3028,0,tt2638048,0
3029,0,tt3661016,0
3030,0,tt3826338,0
3031,0,,0
3032,0,,0
3033,0,tt3453772,0
3034,0,tt2622826,0
3035,0,tt2781406,0
3036,0,tt3429758,0
3037,0,tt4515528,0
3038,0,tt3618822,0
3039,0,tt2767366,0
3040,0,,0
3041,0,,0
3042,0,,0
3043,0,,0
3044,0,tt3303302,0
3045,0,,0
3046,0,,0
3047,0,tt5135118,0
3048,0,tt5284014,0
3049,0,,0
3050,0,tt5046514,0
3051,0,tt4066310,0
3052,0,,0
3053,0,,0
3054,0,,0
3055,0,,0
3056,0,tt4248130,0
3057,0,,0
3058,0,,0
3059,0,,0
3060,0,tt5164436,0
3061,0,tt5563764,0
3062,0,tt6037626,0
3063,0,tt4622108,0
3064,25000000,tt2140037,1397284
3065,0,tt4836736,0
3066,0,tt5239564,0
3067,0,tt5143226,0
3068,0,tt5227660,0
3069,0,tt6356338,0
3070,0,tt5645718,0
3071,0,tt5568330,0
3072,0,,0
3073,0,,0
3074,0,tt5605834,0
3075,0,tt5226378,0
3076,2570000,tt4471388,4026795
3077,0,tt5129156,0
3078,0,tt4061760,0
3079,0,tt5307080,0
3080,0,tt0819723,0
3081,0,tt0874959,0
3082,0,tt0784977,0
3083,0,tt0325651,0
3084,0,tt0885498,0
3085,0,tt0461612,0
3086,0,tt0405052,0
3087,0,tt0491002,0
3088,0,tt0494501,0
3089,0,tt0817911,0
3090,0,,0
3091,0,tt0818682,0
3092,0,tt0783701,0
3093,1000000,tt0489247,0
3094,0,tt0439311,0
3095,0,tt0806066,0
3096,0,tt1420552,0
3097,0,tt1920893,0
3098,0,tt2118668,0
3099,0,,0
3100,0,,0
3101,0,tt0923953,0
3102,0,tt1331316,0
3103,0,tt0949861,0
3104,0,tt0816657,0
3105,0,tt1725863,0
3106,0,tt1186020,0
3107,0,tt1178642,0
3108,0,tt1010401,0
3109,0,tt0837806,0
3110,0,tt1127888,0
3111,0,tt1121927,0
3112,0,tt1297290,0
3113,23000,tt1054488,0
3114,0,tt0988140,0
3115,0,tt1249189,0
3116,0,tt1124124,0
3117,0,,0
3118,0,tt1042565,0
3119,0,tt1819769,0
3120,0,tt1297301,0
3121,0,tt1353167,0
3122,0,tt0823333,0
3123,0,tt1270685,0
3124,0,tt0989760,0
3125,0,tt1157658,0
3126,0,tt1294144,0
3127,7,tt1086780,0
3128,0,tt1266731,0
3129,0,tt1242747,0
3130,0,tt1068278,0
3131,0,tt1135983,0
3132,0,tt1283913,0
3133,0,tt1360831,0
3134,0,tt0808267,0
3135,0,tt1557874,0
3136,0,tt0485675,0
3137,0,tt0892096,0
3138,0,tt1112784,0
3139,0,tt1283971,0
3140,0,tt0978825,0
3141,0,tt0447692,0
3142,0,tt2199585,0
3143,0,tt1469896,0
3144,0,tt2042709,0
3145,0,tt1193473,0
3146,0,tt1205560,0
3147,0,tt1403246,0
3148,0,tt1627934,0
3149,0,tt1443335,0
3150,0,tt1360061,0
3151,0,tt1065113,0
3152,0,tt1331129,0
3153,0,tt2119486,0
3154,0,tt1393744,6315
3155,0,tt1484076,0
3156,0,tt1328644,0
3157,0,tt1303745,0
3158,0,tt1626628,0
3159,0,tt2050582,0
3160,0,tt1109582,0
3161,0,tt1339687,0
3162,0,tt1067104,0
3163,0,tt1508011,0
3164,0,tt1779491,0
3165,0,tt1558952,0
3166,0,,0
3167,0,,0
3168,0,tt1268981,0
3169,0,tt1540449,0
3170,0,tt1679538,0
3171,0,tt4528500,0
3172,0,tt1601236,0
3173,0,tt1282030,0
3174,0,tt2115385,0
3175,0,tt1714135,0
3176,0,tt1753572,0
3177,0,tt1636422,0
3178,0,tt1727390,0
3179,0,tt2207080,0
3180,0,tt2125656,0
3181,0,tt2058607,0
3182,0,tt2147375,0
3183,0,tt1754786,0
3184,0,tt2062527,0
3185,0,tt2314082,0
3186,0,tt2073592,0
3187,0,tt3420912,0
3188,0,tt3485452,0
3189,0,tt2064795,0
3190,6000000,tt1582271,5206
3191,0,tt1718998,0
3192,0,tt1865362,0
3193,0,tt1811371,0
3194,0,tt1450326,0
3195,0,tt1429411,0
3196,0,,0
3197,0,tt1571219,0
3198,0,tt1732160,0
3199,0,tt1815943,0
3200,0,tt2088725,0
3201,0,tt1615031,0
3202,0,tt2539430,0
3203,0,tt2347782,0
3204,0,tt0462036,0
3205,0,tt1702927,0
3206,0,tt2647078,0
3207,0,tt2224506,0
3208,3230000,tt0768222,0
3209,0,tt2141875,0
3210,0,,0
3211,0,tt1560479,0
3212,0,tt2322374,0
3213,0,tt1887712,0
3214,0,tt2649266,0
3215,0,tt2058710,0
3216,0,tt2475914,0
3217,0,tt1220224,0
3218,100000,tt1764547,0
3219,0,tt1828954,0
3220,0,,0
3221,0,,0
3222,0,tt2780236,0
3223,0,,0
3224,0,tt3107756,0
3225,0,,0
3226,0,tt2780166,0
3227,0,,0
3228,0,tt3088402,0
3229,0,,0
3230,0,tt3380016,0
3231,0,,0
3232,0,tt2967094,0
3233,0,,0
3234,0,tt3390012,0
3235,0,tt2603908,0
3236,0,tt2959748,0
3237,0,,0
3238,0,tt3021014,0
3239,0,,0
3240,0,tt4214044,0
3241,0,tt4278806,0
3242,0,tt4340192,0
3243,0,tt2406572,0
3244,0,tt3407894,0
3245,0,tt3099300,0
3246,0,tt2980052,0
3247,0,tt3484796,0
3248,0,tt3393762,0
3249,0,tt1691924,0
3250,0,tt3672768,0
3251,0,tt3598196,0
3252,0,tt3297586,0
3253,0,,0
3254,0,tt3797808,0
3255,1000000,tt3010202,0
3256,0,tt2756644,0
3257,0,tt2306511,0
3258,0,tt3780366,0
3259,0,tt3361186,0
3260,0,tt4239564,0
3261,0,tt4781562,0
3262,0,tt4117132,0
3263,0,tt3396666,0
3264,0,tt5138846,0
3265,0,,0
3266,0,tt2468804,0
3267,0,,0
3268,0,,0
3269,0,tt5169858,0
3270,0,tt5251820,0
3271,0,,0
3272,0,tt4479756,0
3273,0,tt4842548,0
3274,0,,0
3275,0,,0
3276,0,,0
3277,0,tt6069722,0
3278,0,,0
3279,0,,0
3280,0,tt3830574,0
3281,0,tt4554036,0
3282,0,tt5159384,0
3283,0,tt5934788,0
3284,0,tt5321088,0
3285,300000,tt3983902,0
3286,0,tt5996442,0
3287,0,tt5588304,0
3288,0,,0
3289,0,tt6964168,0
3290,0,tt5220430,0
3291,0,tt4622818,0
3292,0,tt2690572,0
3293,0,tt5174234,0
3294,0,tt3317158,0
3295,0,tt6343988,0
3296,0,,0
3297,0,tt5428284,0
3298,0,,0
3299,0,,0
3300,0,tt1051815,0
3301,0,tt1045831,0
3302,0,tt0862785,0
3303,0,tt0796321,0
3304,0,,0
3305,0,tt0992974,0
3306,0,tt0922464,0
3307,0,,0
3308,0,,0
3309,0,,0
3310,0,tt2354585,0
3311,0,tt1046926,0
3312,0,tt0950762,0
3313,0,tt0882757,0
3314,0,tt0498709,0
3315,0,tt0862862,0
3316,0,tt0881935,0
3317,0,tt3945170,0
3318,0,tt0758939,0
3319,0,tt0838245,0
3320,0,tt1987633,0
3321,0,,0
3322,0,tt1765871,0
3323,0,tt0920468,0
3324,0,tt1149582,0
3325,0,tt0825346,0
3326,0,tt0961205,0
3327,0,tt1290407,0
3328,0,tt0489212,0
3329,0,tt0912596,0
3330,0,tt0943407,0
3331,0,tt0863092,0
3332,0,tt0879825,0
3333,0,tt1123411,0
3334,0,tt0830184,0
3335,0,tt1043716,0
3336,0,tt0803075,0
3337,0,,0
3338,0,tt1554496,0
3339,0,tt1150939,0
3340,750,tt0369424,0
3341,0,,0
3342,0,tt1867611,0
3343,0,tt2450042,0
3344,0,tt1352823,0
3345,0,,0
3346,0,tt1376723,0
3347,0,tt0834961,2227
3348,0,tt0822803,0
3349,0,tt1571730,0
3350,0,tt1221148,0
3351,0,tt3618392,0
3352,0,tt1152712,0
3353,0,tt0972805,0
3354,0,tt1314726,0
3355,0,tt1285167,0
3356,0,tt1344875,0
3357,0,tt1314355,0
3358,0,tt1381084,0
3359,0,tt1401645,0
3360,0,tt1343113,0
3361,0,tt1515204,0
3362,0,tt1483776,0
3363,0,tt1287876,0
3364,0,tt1455126,0
3365,0,tt1621855,0
3366,0,tt1658036,0
3367,0,tt1620847,0
3368,0,tt1453240,0
3369,0,tt1650818,0
3370,0,tt1506453,0
3371,0,tt1377124,0
3372,0,tt2803744,0
3373,0,tt1407980,0
3374,0,,0
3375,0,tt3770786,0
3376,0,,0
3377,0,tt1683444,0
3378,0,,0
3379,0,tt1660612,0
3380,0,tt1666323,0
3381,0,tt1692195,0
3382,0,tt1590766,0
3383,0,tt1666350,0
3384,0,tt1800289,0
3385,0,tt1759652,0
3386,0,tt2007981,0
3387,0,tt4145800,0
3388,0,tt3437386,0
3389,0,tt1956538,0
3390,0,,0
3391,0,tt1674096,0
3392,0,tt1838519,0
3393,0,tt1737082,0
3394,0,tt4863632,0
3395,0,tt1711488,0
3396,0,tt1517606,0
3397,0,tt1706348,0
3398,0,tt1732150,0
3399,0,tt1826025,0
3400,0,tt1864367,0
3401,0,tt1948190,0
3402,0,tt1772850,0
3403,0,tt1781947,0
3404,0,tt1619277,0
3405,0,tt1552423,0
3406,1300000,tt1705134,0
3407,300000,tt1587427,0
3408,0,tt1592287,0
3409,0,tt1600438,0
3410,0,,0
3411,0,tt1849810,0
3412,0,tt1227789,0
3413,75000,tt1986871,0
3414,0,tt1613046,0
3415,0,tt1825114,0
3416,0,tt1977903,0
3417,3000,tt2047809,0
3418,0,tt1762370,0
3419,0,tt1840285,0
3420,0,tt2276258,0
3421,0,tt1649398,0
3422,0,tt1832447,0
3423,0,,0
3424,0,tt2144008,0
3425,0,,0
3426,0,tt2377046,0
3427,0,tt2188746,0
3428,0,tt1640219,0
3429,560000,tt2411516,0
3430,0,tt2049633,0
3431,0,tt2450026,0
3432,0,tt2460634,0
3433,0,tt2274238,0
3434,0,tt1887669,0
3435,0,tt2153454,0
3436,0,,0
3437,0,,0
3438,0,,0
3439,0,tt2338329,0
3440,0,tt3346150,0
3441,0,,0
3442,0,tt2409640,0
3443,0,,0
3444,0,tt2393308,0
3445,0,tt2780222,0
3446,0,tt5950116,0
3447,0,tt2663176,0
3448,0,tt3210978,0
3449,0,tt6987612,0
3450,0,,0
3451,0,tt3259122,0
3452,0,,0
3453,0,tt3279352,0
3454,0,tt3006432,0
3455,0,,0
3456,0,tt2419326,0
3457,0,,0
3458,0,tt2591716,0
3459,0,tt2566888,0
3460,0,tt3137732,0
3461,0,tt2193450,0
3462,0,tt2217790,0
3463,0,tt4126662,0
3464,0,tt3995728,0
3465,0,tt4136956,0
3466,0,tt3833488,0
3467,0,tt3118968,0
3468,0,,0
3469,0,tt2654738,0
3470,0,tt1977892,0
3471,0,tt2797190,0
3472,0,tt3671924,0
3473,0,,0
3474,0,,0
3475,0,tt6303802,0
3476,0,tt3176254,0
3477,0,tt1926980,0
3478,0,,0
3479,0,,0
3480,0,tt5142688,0
3481,0,tt4030352,0
3482,0,,0
3483,0,,0
3484,0,,0
3485,0,tt4851076,0
3486,0,tt2317796,0
3487,0,tt4581772,0
3488,0,,0
3489,0,tt3969258,0
3490,0,,0
3491,0,tt2402673,0
3492,0,,0
3493,0,,0
3494,0,,0
3495,0,,0
3496,0,,0
3497,0,,0
3498,0,tt4536026,0
3499,0,,0
3500,0,tt1587420,0
3501,0,tt3106800,0
3502,0,tt2818640,0
3503,0,tt4186214,0
3504,0,tt5214110,0
3505,0,tt5403488,0
3506,0,,0
3507,0,,0
3508,0,,0
3509,0,,0
3510,0,tt5246722,0
3511,0,tt3112424,0
3512,0,tt4782290,0
3513,0,,0
3514,0,tt5088010,0
3515,0,tt5659708,0
3516,0,tt5326566,0
3517,0,,0
3518,0,tt4798788,0
3519,0,tt5538124,0
3520,0,tt0821016,0
3521,0,tt0795377,0
3522,0,tt3343738,0
3523,0,tt3110854,0
3524,0,tt0462963,0
3525,0,tt0896694,0
3526,0,tt0819684,0
3527,0,tt0826217,0
3528,0,tt0854134,0
3529,0,tt1448625,0
3530,0,,0
3531,0,tt0847187,0
3532,0,,0
3533,1200000,tt0429068,0
3534,810000,tt0454839,0
3535,0,tt0470000,0
3536,0,tt0458465,0
3537,0,,0
3538,0,tt0800322,0
3539,0,tt1024674,0
3540,0,,0
3541,0,,0
3542,0,tt1094985,0
3543,0,tt0480998,0
3544,0,,0
3545,0,tt1059196,0
3546,0,,0
3547,0,tt1008923,0
3548,0,tt1062919,0
3549,0,tt1067149,0
3550,0,,0
3551,0,tt1006923,0
3552,0,tt0997095,0
3553,0,,0
3554,0,tt1127349,0
3555,0,tt0976023,0
3556,0,tt1064897,0
3557,0,tt1086346,0
3558,0,tt0446942,0
3559,0,tt1813183,0
3560,0,tt1636542,0
3561,0,tt0496403,0
3562,0,tt1248916,0
3563,0,tt1337571,0
3564,0,tt1542002,0
3565,0,tt1813636,0
3566,0,,0
3567,0,,0
3568,0,tt1995289,0
3569,0,tt1266584,0
3570,0,tt1201996,0
3571,0,tt4325998,0
3572,0,tt1309592,0
3573,0,tt1438171,0
3574,0,tt1175732,0
3575,0,tt0459415,0
3576,0,tt1549001,0
3577,0,tt1311034,0
3578,0,tt1312187,0
3579,0,tt1350920,0
3580,0,,0
3581,0,tt3685878,0
3582,0,,0
3583,0,,0
3584,0,tt1583318,0
3585,0,tt1485826,0
3586,0,tt1464303,0
3587,0,tt1063408,0
3588,0,tt1433140,0
3589,0,,0
3590,0,tt1673607,0
3591,0,tt2803752,0
3592,0,tt1555100,0
3593,0,tt1647685,0
3594,0,tt1468876,0
3595,0,tt1593821,0
3596,0,tt1235448,0
3597,0,tt1261978,0
3598,0,tt1415267,0
3599,0,tt1197580,0
3600,0,tt1073246,0
3601,2000000,tt1174693,0
3602,0,tt1518212,0
3603,0,tt1543459,0
3604,0,,0
3605,0,,0
3606,0,tt1314190,0
3607,0,tt1861323,0
3608,0,tt1667133,0
3609,930000,tt1734480,0
3610,0,tt1590129,0
3611,0,tt1465496,0
3612,0,tt1577104,0
3613,13000000,tt1152827,0
3614,0,tt1522846,0
3615,0,tt1721625,0
3616,0,tt1773610,0
3617,0,tt1220625,0
3618,0,tt1536054,0
3619,0,tt1196672,0
3620,0,tt1721691,0
3621,0,tt2007499,0
3622,0,,0
3623,0,tt3791796,0
3624,0,,0
3625,0,tt3433584,0
3626,0,,0
3627,0,,0
3628,0,tt2117825,0
3629,0,tt1854551,0
3630,0,tt1224136,0
3631,0,,0
3632,0,tt2027165,0
3633,417,tt2870404,0
3634,0,tt1966503,0
3635,0,,0
3636,0,tt5304654,0
3637,0,tt1470021,0
3638,0,tt1716753,0
3639,0,tt1594505,0
3640,0,tt1690543,0
3641,0,,0
3642,0,tt1810591,0
3643,63,tt2085756,0
3644,0,tt2348792,0
3645,0,tt2193826,0
3646,0,tt1928161,0
3647,0,,0
3648,0,,0
3649,0,tt2138979,0
3650,0,tt2058677,0
3651,0,,0
3652,0,tt1823685,0
3653,0,tt2104873,0
3654,0,,0
3655,0,tt2197246,0
3656,0,tt2265265,0
3657,0,,0
3658,0,,0
3659,0,tt2281511,0
3660,0,tt2820820,0
3661,0,tt2670710,0
3662,0,,0
3663,0,,0
3664,0,tt3093066,0
3665,0,,0
3666,0,,0
3667,0,tt3159854,0
3668,0,tt3019832,0
3669,0,,0
3670,0,,0
3671,0,tt3086200,0
3672,0,tt2942826,0
3673,0,,0
3674,0,,0
3675,0,tt3706176,0
3676,0,tt3108570,0
3677,0,,0
3678,0,,0
3679,0,tt2741626,0
3680,0,tt1397087,0
3681,0,tt3230362,0
3682,0,tt3750434,0
3683,0,,0
3684,0,,0
3685,0,,0
3686,0,tt4112906,0
3687,0,tt2265413,0
3688,0,,0
3689,0,,0
3690,0,,0
3691,0,,0
3692,0,tt2415086,0
3693,0,tt2498286,0
3694,0,,0
3695,0,,0
3696,0,,0
3697,0,,0
3698,0,,0
3699,0,,0
3700,0,,0
3701,0,,0
3702,0,,0
3703,0,,0
3704,0,,0
3705,0,,0
3706,0,tt3062140,0
3707,0,,0
3708,0,,0
3709,0,,0
3710,1000,tt5087420,0
3711,0,,0
3712,0,,0
3713,0,,0
3714,0,,0
3715,0,,0
3716,0,,0
3717,0,,0
3718,0,,0
3719,0,,0
3720,0,tt5256738,0
3721,0,tt5205202/,0
3722,0,,0
3723,0,tt4780902,0
3724,0,,0
3725,0,,0
3726,0,,0
3727,0,,0
3728,0,tt2340946,0
3729,0,,0
3730,0,tt6496838,0
3731,0,tt3503726,0
3732,40000,tt2282528,0
3733,0,,0
3734,0,tt5896908,0
3735,0,,0
3736,0,tt5812862,0
3737,0,tt5511342,0
3738,0,,0
3739,0,tt5983234,0
3740,0,tt0795457,0
3741,0,tt0859601,0
3742,25000,tt0498386,0
3743,0,tt0491000,0
3744,700000,tt0762108,0
3745,0,,0
3746,0,tt0407038,0
3747,0,tt0856793,0
3748,0,tt0823725,0
3749,0,tt0841393,0
3750,3000000,tt0494199,0
3751,25000,tt0492754,0
3752,50000,tt0479874,0
3753,3000000,tt0485774,0
3754,0,tt0451187,0
3755,0,tt0758017,0
3756,0,tt0461323,0
3757,0,tt0440961,0
3758,0,tt0460484,0
3759,0,tt0490196,0
3760,0,tt1100091,0
3761,0,tt1554554,0
3762,0,tt0823247,0
3763,0,tt0926118,0
3764,0,tt1046977,0
3765,0,tt1062941,0
3766,0,tt4167724,0
3767,0,tt0450238,0
3768,10000,tt1139783,0
3769,0,tt1019965,0
3770,0,tt0928188,0
3771,0,tt0431265,0
3772,0,,0
3773,0,tt0878719,0
3774,0,,0
3775,0,tt1135961,0
3776,0,tt1064931,0
3777,0,tt0765439,0
3778,2500000,tt0438052,0
3779,0,tt0475243,0
3780,0,tt1374899,0
3781,0,tt1441335,0
3782,0,tt1454576,0
3783,0,,0
3784,0,tt0475252,0
3785,0,tt0996934,0
3786,100000,tt1235425,0
3787,0,tt1238298,0
3788,500000,tt1311638,500000
3789,5000000,tt1047832,0
3790,0,tt0762145,0
3791,1500000,tt1064801,0
3792,0,tt1113827,0
3793,500000,tt1238302,0
3794,0,tt1238293,0
3795,0,,0
3796,0,,0
3797,0,tt1202573,0
3798,0,,0
3799,0,tt1785411,0
3800,0,tt1238304,0
3801,0,tt1578847,0
3802,0,tt1210801,0
3803,0,tt1354687,0
3804,0,tt1327599,0
3805,0,,0
3806,125000,tt1377396,0
3807,0,tt1585995,0
3808,0,tt1136684,0
3809,0,tt0893367,0
3810,0,tt0813991,0
3811,0,tt1134674,0
3812,0,tt1319567,0
3813,0,tt1227524,0
3814,40000000,tt1327701,0
3815,0,tt1322323,0
3816,0,tt1264103,0
3817,0,tt1322355,0
3818,0,tt1090750,0
3819,0,,0
3820,0,tt1625562,0
3821,0,tt1624385,0
3822,4000000,tt0285252,0
3823,0,tt1740502,0
3824,200,tt1813757,0
3825,0,tt1438251,0
3826,0,tt1535617,0
3827,0,tt1545986,0
3828,0,tt1334526,0
3829,0,tt1674727,0
3830,0,tt1332106,0
3831,0,tt1308182,0
3832,0,tt1237961,0
3833,230000,tt1582551,0
3834,0,,0
3835,0,tt1699720,0
3836,0,tt1617637,0
3837,0,tt1723111,0
3838,0,,0
3839,0,tt1529564,0
3840,0,tt1893241,0
3841,0,tt1545319,0
3842,0,tt2049611,0
3843,1000000,tt1912996,0
3844,0,tt2080344,0
3845,0,tt1869509,0
3846,0,tt1816705,0
3847,0,tt1516595,0
3848,0,tt2069935,0
3849,0,tt1144815,0
3850,0,tt1814701,0
3851,0,tt1832400,0
3852,0,tt1753866,0
3853,0,,0
3854,250000,tt1753811,0
3855,0,tt1999833,0
3856,0,tt1294160,0
3857,0,tt1027755,0
3858,0,tt1915551,0
3859,0,tt0178802,0
3860,0,tt2084104,0
3861,0,tt2195896,0
3862,0,,0
3863,80000,tt1579242,0
3864,0,tt2352390,0
3865,0,tt2182402,0
3866,0,,0
3867,0,,0
3868,0,tt2231611,0
3869,0,tt2153394,0
3870,0,,0
3871,0,,0
3872,0,tt1913051,0
3873,0,,0
3874,0,,0
3875,0,tt2364038,0
3876,0,,0
3877,0,tt2123988,0
3878,0,,0
3879,0,,0
3880,0,tt3117128,0
3881,0,,0
3882,0,tt3182796,0
3883,0,tt3019410,0
3884,0,,0
3885,0,,0
3886,0,,0
3887,0,,0
3888,0,tt2737814,0
3889,0,,0
3890,0,,0
3891,0,tt2848732,0
3892,0,tt3540064,0
3893,0,,0
3894,0,tt2318397,0
3895,0,,0
3896,0,,0
3897,0,tt3399382,0
3898,0,tt2716200,0
3899,0,tt2366150,0
3900,0,,0
3901,0,,0
3902,0,tt3084128,0
3903,0,tt1743334,0
3904,0,,0
3905,0,tt3234630,0
3906,0,tt2006291,0
3907,0,tt3185616,0
3908,0,tt3487446,0
3909,0,,0
3910,0,,0
3911,0,tt3280052,0
3912,0,tt3744934,0
3913,0,,0
3914,0,,0
3915,0,,0
3916,0,,0
3917,0,tt3700844,0
3918,0,tt3279992,0
3919,0,,0
3920,0,tt5089984,0
3921,20000,tt3628704,0
3922,0,,0
3923,0,tt6088318,0
3924,0,,0
3925,0,tt3062556,0
3926,0,tt4398620,0
3927,0,,0
3928,0,,0
3929,0,,0
3930,0,,0
3931,0,,0
3932,0,,0
3933,0,,0
3934,0,tt3686180,0
3935,0,tt3483172,0
3936,0,,0
3937,0,,0
3938,0,tt2982658,0
3939,0,tt3717378,0
3940,0,tt2179191,0
3941,0,,0
3942,0,,0
3943,0,tt6018204,0
3944,12700000,tt3579702,0
3945,0,tt1797508,0
3946,0,tt3548978,0
3947,0,tt4371276,0
3948,0,,0
3949,0,,0
3950,0,,0
3951,1,,1
3952,0,tt5817772,0
3953,0,tt4837404,0
3954,0,tt2403776,0
3955,0,tt4791984,0
3956,0,tt4445460,0
3957,0,,0
3958,0,,0
3959,0,tt6089104,0
3960,0,,0
3961,0,tt1409828,0
3962,0,,0
3963,0,tt0824324,0
3964,0,tt1283288,0
3965,0,,0
3966,0,tt1224516,0
3967,0,,718500
3968,0,,0
3969,0,tt0422952,0
3970,0,tt1964977,0
3971,0,,0
3972,0,tt0437171,0
3973,0,tt0403946,0
3974,0,tt0445800,0
3975,0,tt0460925,0
3976,0,tt0860833,0
3977,0,tt0493419,0
3978,0,tt0871886,0
3979,3500,tt0801344,0
3980,0,tt1332723,0
3981,0,tt1616186,0
3982,0,tt0470761,0
3983,0,tt1118687,0
3984,0,,0
3985,0,tt0861704,0
3986,0,tt1160026,0
3987,1000000,tt0441022,0
3988,0,tt0370433,0
3989,0,tt0486651,0
3990,0,tt0758762,0
3991,1500000,tt0914372,0
3992,0,tt0853267,2000000
3993,0,tt0795361,0
3994,0,tt0840046,0
3995,0,tt0904099,0
3996,0,tt0808265,0
3997,0,tt1248976,0
3998,0,tt0973790,0
3999,1000000,tt1046193,0
4000,0,tt1063034,0
4001,0,tt0821810,0
4002,0,tt0870122,0
4003,0,,0
4004,0,tt1233329,0
4005,0,tt1081942,0
4006,0,tt1032749,0
4007,0,tt0914363,0
4008,0,tt1512837,0
4009,0,tt1127215,0
4010,0,tt1261889,0
4011,0,tt2882912,0
4012,0,tt1291422,0
4013,0,tt2104840,0
4014,0,tt4145896,0
4015,0,tt1109562,0
4016,0,,0
4017,0,tt0790813,0
4018,0,tt1185235,0
4019,0,tt0938284,0
4020,0,tt1439559,0
4021,0,tt1157600,0
4022,25000,tt1427844,0
4023,0,,0
4024,0,tt2379700,0
4025,0,tt1384774,0
4026,0,tt1541772,0
4027,0,tt1209361,0
4028,0,,0
4029,0,tt1560131,0
4030,0,,0
4031,1,tt1326742,0
4032,0,tt1986938,0
4033,0,tt1582428,0
4034,0,tt1322916,0
4035,0,tt1442498,0
4036,0,,0
4037,0,tt1510868,0
4038,0,tt1340783,0
4039,0,tt1446498,0
4040,0,tt1594510,0
4041,0,tt1545097,0
4042,5000,tt1595473,0
4043,0,tt1640202,0
4044,3500000,tt1051253,0
4045,0,tt0903036,0
4046,0,tt1562282,0
4047,0,tt1725620,0
4048,0,tt1846508,0
4049,0,tt1876357,0
4050,0,tt1561479,0
4051,0,tt1343740,0
4052,0,tt1481573,0
4053,0,tt1699236,0
4054,0,tt1502402,0
4055,0,,0
4056,0,tt1753750,0
4057,0,tt1921078,0
4058,0,tt1743272,0
4059,0,tt1961198,0
4060,0,tt1939710,0
4061,19000000,tt1876517,2570000
4062,0,tt1942937,0
4063,0,tt1808493,0
4064,0,tt1954886,0
4065,0,tt1773829,0
4066,0,tt2047739,0
4067,0,tt2048854,0
4068,0,tt1969959,0
4069,0,tt1883184,0
4070,200000,tt1833637,0
4071,0,,0
4072,0,tt1825155,0
4073,0,tt0875613,0
4074,24000,tt1821355,0
4075,0,tt1336619,0
4076,25000,tt1935158,0
4077,0,tt1261420,0
4078,0,tt2028457,0
4079,0,tt2466346,0
4080,0,tt2190203,0
4081,0,tt2647712,0
4082,0,,0
4083,0,,0
4084,0,tt2362974,0
4085,0,tt2469876,0
4086,0,,0
4087,0,,0
4088,0,tt3512882,0
4089,0,tt3322240,0
4090,0,tt2605238,0
4091,0,tt2653806,0
4092,0,,0
4093,0,tt2235272,0
4094,0,tt2337724,0
4095,0,,0
4096,0,tt2992172,0
4097,0,tt3647408,0
4098,0,tt2210270,0
4099,0,tt2158791,0
4100,0,tt3378080,0
4101,0,,0
4102,0,tt1979227,0
4103,0,tt2794722,0
4104,0,,0
4105,0,,0
4106,0,,0
4107,0,tt3540420,0
4108,2500,tt2705368,0
4109,0,tt2814398,0
4110,0,,0
4111,0,,0
4112,0,tt2591718,0
4113,0,,0
4114,0,,0
4115,0,tt3392982,0
4116,0,,0
4117,0,,0
4118,0,tt2252346,0
4119,0,,0
4120,0,,0
4121,0,,0
4122,0,,0
4123,0,,0
4124,0,,0
4125,0,tt4254544,0
4126,0,tt3130598,0
4127,0,,0
4128,0,tt3627828,0
4129,0,,0
4130,0,,0
4131,0,tt3437510,0
4132,0,,0
4133,0,tt2646540,0
4134,0,,0
4135,0,,0
4136,0,,0
4137,0,,0
4138,0,tt2780610,0
4139,0,tt3488102,0
4140,0,tt2208856,0
4141,0,tt2176037,0
4142,200000,tt3103620,0
4143,0,tt2508728,0
4144,0,tt3504564,0
4145,0,tt2966752,0
4146,0,,0
4147,0,,0
4148,0,,0
4149,0,,0
4150,0,tt4653712,0
4151,0,tt4396092,0
4152,0,,0
4153,0,tt3717214,0
4154,0,tt4624532,0
4155,0,,0
4156,0,tt4494090,0
4157,0,tt3220044,0
4158,0,tt3776640,0
4159,0,,0
4160,0,,0
4161,0,,0
4162,0,,0
4163,0,,0
4164,0,tt5624252,0
4165,0,,0
4166,0,tt6626114,0
4167,0,,0
4168,0,,0
4169,0,tt6236504,0
4170,0,,0
4171,0,tt4314152,0
4172,0,,0
4173,0,tt5227998,0
4174,0,,0
4175,0,tt6225124,0
4176,0,,0
4177,0,,0
4178,0,,0
4179,0,,0
4180,0,,0
4181,47150,,0
4182,0,tt3251832,0
4183,0,tt0823651,0
4184,0,tt0466787,0
4185,0,tt0441035,0
4186,0,tt0455988,0
4187,0,tt1243212,0
4188,0,,0
4189,0,tt0451135,0
4190,0,tt0388753,0
4191,0,tt0399790,0
4192,0,tt0399791,0
4193,0,tt0815123,0
4194,0,,0
4195,0,tt0955271,0
4196,0,,0
4197,0,,0
4198,0,tt1020872,0
4199,850000,tt0497477,0
4200,0,tt1135090,0
4201,0,,0
4202,0,tt1133617,1
4203,0,tt2727872,0
4204,0,tt0815447,0
4205,0,tt0893346,0
4206,0,tt1023343,0
4207,0,tt0910868,0
4208,0,tt0858433,0
4209,0,tt0854667,0
4210,0,tt0465616,0
4211,0,tt0804228,0
4212,0,tt1444679,0
4213,0,tt0906671,0
4214,0,tt0969706,0
4215,0,tt0377061,24110
4216,0,tt0460909,0
4217,0,tt1217603,0
4218,0,tt1043529,0
4219,0,tt1820721,0
4220,0,tt1079372,0
4221,0,tt1037004,0
4222,0,tt1296068,0
4223,0,tt1350917,0
4224,0,,0
4225,0,tt1087853,0
4226,0,tt1058058,0
4227,0,tt1314248,0
4228,0,,0
4229,0,,0
4230,500,tt0872249,0
4231,0,,0
4232,0,tt1332471,0
4233,0,,0
4234,0,,0
4235,0,,0
4236,0,,0
4237,0,tt1129420,0
4238,0,,0
4239,0,tt0830861,0
4240,0,tt1449395,0
4241,0,tt1031276,0
4242,0,tt1297945,0
4243,0,tt0468529,0
4244,0,tt1598725,0
4245,0,tt0944080,0
4246,0,tt1425252,0
4247,0,tt1465515,0
4248,0,tt1359552,0
4249,0,tt1342854,0
4250,0,tt1560653,0
4251,0,tt1347112,0
4252,0,tt1463167,0
4253,0,tt1508021,0
4254,0,tt2632156,0
4255,0,tt1242539,0
4256,0,tt1474260,0
4257,0,tt1409106,0
4258,0,tt1506995,0
4259,0,tt1436326,0
4260,0,tt1740762,0
4261,1000000,tt1159721,0
4262,0,tt1020559,0
4263,0,tt1438466,0
4264,0,tt0884214,0
4265,0,,0
4266,0,tt1641390,0
4267,0,tt1440755,0
4268,2000000,tt1324060,0
4269,0,tt1331329,0
4270,0,tt1220627,0
4271,1500000,tt1568332,0
4272,0,tt1332119,0
4273,0,tt1488598,0
4274,5000,tt1592191,0
4275,0,tt1303782,0
4276,0,,0
4277,5,tt1240539,0
4278,0,tt1286746,0
4279,0,tt1278168,0
4280,0,tt2038260,0
4281,0,tt1886504,0
4282,0,tt1754029,0
4283,0,tt1807872,0
4284,100000,tt1814631,0
4285,0,tt1828194,0
4286,0,tt1679263,0
4287,0,tt1609145,0
4288,0,tt2215191,0
4289,0,tt2076794,0
4290,0,tt2090663,0
4291,200000,tt1965108,0
4292,0,,0
4293,0,tt1710961,0
4294,0,tt1937100,0
4295,60,tt1907681,0
4296,0,tt1980134,0
4297,0,tt1663708,0
4298,0,tt1594426,0
4299,0,tt4982990,0
4300,0,,0
4301,0,tt1900924,0
4302,0,tt2378585,0
4303,0,tt2256829,0
4304,0,,0
4305,0,,0
4306,0,,0
4307,0,,0
4308,0,tt3314120,0
4309,0,,0
4310,0,tt2427814,0
4311,0,,0
4312,0,tt2188776,0
4313,0,,0
4314,0,tt2566844,0
4315,0,tt1648210,0
4316,0,tt2447908,0
4317,0,,0
4318,0,tt2342022,0
4319,0,,0
4320,0,tt3648834,0
4321,0,,0
4322,0,,0
4323,0,,0
4324,0,tt2720980,0
4325,0,tt2583084,0
4326,0,tt2847564,0
4327,0,,0
4328,0,tt2794752,0
4329,0,,0
4330,0,,0
4331,0,,0
4332,0,,0
4333,0,tt3397662,0
4334,0,tt2907144,0
4335,0,,0
4336,0,,0
4337,0,tt2488036,0
4338,0,,0
4339,0,,0
4340,0,,0
4341,0,,0
4342,0,tt3549876,0
4343,0,tt3184648,0
4344,0,,0
4345,0,,0
4346,0,,0
4347,0,,0
4348,0,,0
4349,0,,0
4350,0,,0
4351,0,,0
4352,0,tt2574304,0
4353,0,tt2458398,0
4354,0,tt3909414,0
4355,0,tt3563412,0
4356,0,tt4926320,0
4357,0,,0
4358,0,tt2578622,0
4359,0,,0
4360,0,,0
4361,0,,0
4362,0,,0
4363,0,tt4246750,0
4364,0,tt3220574,0
4365,0,,0
4366,0,tt4515242,0
4367,0,,0
4368,0,tt3302086,0
4369,0,tt4768636,0
4370,0,,0
4371,0,,0
4372,0,tt3694778,0
4373,0,tt4344906,0
4374,0,tt3171632,0
4375,0,,0
4376,0,,0
4377,0,,0
4378,0,tt4519838,0
4379,0,tt4076198,0
4380,0,tt6370912,0
4381,0,,0
4382,0,tt6958978,0
4383,0,,0
4384,0,,0
4385,0,,0
4386,0,,0
4387,0,,0
4388,0,tt6069732,0
4389,0,,0
4390,0,tt6954494,0
4391,0,,0
4392,200000,tt5501124,0
4393,0,tt6301140,0
4394,0,,0
4395,0,,0
4396,0,tt6298084,0
4397,0,tt6114160,0
4398,0,,0
4399,0,,0
