,budget,imdb_id,revenue
0,55000000,tt0454921,307077295
1,200000000,tt0383574,1065659812
2,120000000,tt0317219,461983149
3,54000000,tt0434409,132511035
4,35000000,tt0458352,326551094
5,150000000,tt0381061,599045960
6,40000000,tt0482571,109676311
7,90000000,tt0407887,289847354
8,10000000,tt0489270,163876815
9,110000000,tt0477347,574480841
10,50000000,tt0401855,111340801
11,150000000,tt0317919,397850012
12,125000000,tt0382625,767820459
13,50000000,tt0384537,97607453
<<<<<<< HEAD
14,100000000,tt0450259,170877916
15,30000000,tt0420223,53653224
16,65000000,tt0416449,422610419
17,55000000,tt0450232,65664721
18,85000000,tt0343737,59908565
19,3500000,tt0804507,54947
20,300000000,tt0449088,961000000
21,150000000,tt0373889,938212738
22,150000000,tt0480249,585349010
23,65000000,tt0443706,84785914
24,150000000,tt0382932,623722818
25,85000000,tt0496806,311312624
26,15000000,tt0427309,30226144
27,258000000,tt0413300,890871626
28,1500000,tt1038988,30448000
29,61000000,tt0822854,95696996
30,160000000,tt0413267,798958165
31,25000000,tt0477348,171600000
32,50000000,tt0427327,90450008
33,60000000,tt0952640,361366633
34,25000000,tt0499556,40452643
35,15000000,tt0758758,56255142
36,85000000,tt0461770,340487652
37,75000000,tt0462538,527068851
38,185000000,tt0468569,1004558444
39,37000000,tt1099212,392616625
40,140000000,tt0371746,585174222
41,150000000,tt0448157,624029371
42,41677699,tt0876563,187479518
43,20000000,tt1023111,41627431
44,150000000,tt0800080,163712074
45,55000000,tt0814314,168167691
46,180000000,tt0910970,521311860
47,85000000,tt0411477,160388063
48,150000000,tt0421715,333932083
49,130000000,tt0441773,631744560
50,200000000,tt0830515,586090727
51,32000000,tt0976051,113019290
52,45000000,tt0373051,101702060
53,30000000,tt0800039,105173115
54,75000000,tt0493464,258270008
55,55000000,tt0824747,113020255
56,15000000,tt1010048,377910544
57,80000000,tt0970416,233093859
58,237000000,tt0499549,2787965087
59,50000000,tt1259571,709827462
60,175000000,tt1049413,735099082
61,70000000,tt0361748,319131050
62,200000000,tt0438488,371353001
63,35000000,tt1119646,459270619
64,250000000,tt0417741,933959197
65,90000000,tt0988045,524028679
66,19000000,tt0758746,91379051
67,5000000,tt1182345,9760104
68,200000000,tt1190080,769653595
69,32000000,tt0898367,27635305
70,150000000,tt0796366,385680446
71,30000000,tt0472033,48428063
72,200000000,tt1067106,325233863
73,150000000,tt0808151,356613439
74,130000000,tt0409459,185258983
75,65000000,tt0380510,93525586
76,160000000,tt1375666,825532764
77,200000000,tt1228705,623933331
78,68000000,tt1325004,698491347
79,69000000,tt1323594,543513985
80,13000000,tt0947798,327803731
81,125000000,tt0800320,232713139
82,80000000,tt1320253,274470394
83,200000000,tt1014759,1025491110
84,250000000,tt0926084,954305868
85,40000000,tt1285016,224920315
86,26000000,tt1038686,67918658
87,65000000,tt1231583,211780824
88,80000000,tt1130884,294804195
89,80000000,tt1037705,157107755
90,110000000,tt0429493,177238796
91,1500000,tt1591095,97009150
92,260000000,tt0398286,591794936
93,28000000,tt1250777,96188903
94,200000000,tt0435761,1066969703
95,110000000,tt0944835,293329073
96,150000000,tt0800369,449326618
97,93000000,tt1318514,482860185
98,110000000,tt1324999,712171856
99,380000000,tt1298650,1045713802
100,140000000,tt0458339,370569774
101,125000000,tt1201607,1342000000
102,60000000,tt0822847,78309131
103,15000000,tt0780504,78054825
104,36000000,tt0377981,189712432
105,145000000,tt1229238,694713380
106,125000000,tt1515091,334615000
107,40000000,tt1637688,173930596
108,200000000,tt1216475,559852396
109,35000000,tt1499658,117000000
110,40000000,tt0479997,88100000
111,57000000,tt1071875,149217355
112,13000000,tt1675434,426480871
113,60000000,tt1598778,137551594
114,220000000,tt0848228,1519557910
115,185000000,tt1217209,538983207
116,250000000,tt0903624,1021103568
117,130000000,tt1446714,403170142
118,250000000,tt1345836,1084939099
119,215000000,tt0948470,752215857
120,120000000,tt1673434,829000000
121,100000000,tt1853728,425368238
122,200000000,tt1074638,1108561013
123,50000000,tt1637725,549368315
124,85000000,tt1667353,183018522
125,50000000,tt1343727,41037742
126,225000000,tt1409024,624026776
127,170000000,tt1735898,396600000
128,100000000,tt1764651,312573423
129,17000000,tt1981677,115350426
130,31000000,tt1907668,161772375
131,20000000,tt1925431,4636169
132,30000000,tt1276104,47042000
133,150000000,tt1646987,301000000
134,170000000,tt1981115,644571402
135,150000000,tt2294629,1274219009
136,76000000,tt1690953,970761885
137,13000000,tt1457767,318000141
138,225000000,tt0770828,662845518
139,200000000,tt1300854,1215439994
140,75000000,tt1670345,117698894
141,130000000,tt1951264,847423452
142,200000000,tt1453405,743559607
143,37000000,tt1723121,269994119
144,20000000,tt0795461,78378744
145,100000000,tt0993846,392000694
146,200000000,tt0816711,531865000
147,23000000,tt1798709,47351251
148,105000000,tt1454468,716392705
149,105000000,tt1343092,351040419
150,190000000,tt1408101,467365246
151,80000000,tt2191701,246984278
152,165000000,tt2245084,652105443
153,20000000,tt2911666,88761661
154,61000000,tt2267998,369330363
155,125000000,tt1951265,752100229
156,170000000,tt2103281,710644566
157,3300000,tt2582802,13092000
158,170000000,tt2015381,773328629
159,250000000,tt2310332,956019788
160,165000000,tt0816692,675120017
161,14000000,tt2084970,233555708
162,210000000,tt2109248,1091405097
163,18000000,tt2562232,103215094
164,68000000,tt2713180,211817906
165,8500000,tt2872718,38697217
166,180000000,tt1587310,758539785
167,40000000,tt2872732,126546825
168,132000000,tt1911658,373552094
169,250000000,tt1877832,747862775
170,125000000,tt1291150,477200000
171,74000000,tt2293640,1156730962
172,155000000,tt1340138,440603537
173,110000000,tt2126355,470490832
174,245000000,tt2488496,2068223624
175,175000000,tt2096673,857611174
176,280000000,tt2395427,1405403694
177,88000000,tt2120120,243637091
178,49000000,tt1823672,104399548
179,150000000,tt1392190,378858340
180,160000000,tt1951266,653428261
181,108000000,tt3659388,630161890
182,245000000,tt2379713,880674609
183,130000000,tt0478970,519311965
184,150000000,tt0369610,1513528810
185,26000000,tt2140379,30523226
186,190000000,tt2820852,1506249360
187,110000000,tt2908446,295238201
188,190000000,tt1964418,209154322
189,176000003,tt1617661,183987723
190,2000000,tt3235888,14674076
191,58000000,tt1431045,783112979
192,250000000,tt2975590,873260194
193,250000000,tt3498820,1153304495
194,165000000,tt1211837,677718395
195,47000000,tt2543164,203388186
196,9000000,tt4972582,278304578
197,180000000,tt3183660,809342332
198,150000000,tt2948356,1023784195
199,30000000,tt3783958,445435700
200,40000000,tt2119532,175302354
201,200000000,tt3748528,1056057273
202,12000000,tt3741834,140302754
203,25000000,tt4846340,230698791
204,110000000,tt1355644,303144152
205,178000000,tt3385516,543934787
206,110000000,tt1935859,296485719
207,19000000,tt0457430,83258226
208,12000000,tt0462590,114194847
209,50000000,tt0396171,132180323
210,40000000,tt0397313,120455994
211,30000000,tt0387808,495303
212,18000000,tt0443453,261572744
213,80000000,tt0438097,660940780
214,85000000,tt0457939,194168700
215,100000000,tt0366548,384335608
216,25000000,tt0449467,135330182
217,45000000,tt0454848,184376254
218,85000000,tt0413895,144000000
219,19000000,tt0498380,68673228
220,40000000,tt0443543,86915017
221,75000000,tt0453467,180557550
222,85000000,tt0400717,197309027
223,40000000,tt0410297,114830111
224,50000000,tt0448134,32017803
225,20000000,tt0829482,121463226
226,15000,tt1179904,193355800
227,100000000,tt0765429,266465037
228,110000000,tt0337978,383531464
229,110000000,tt0259324,228738393
230,25000000,tt0465538,92991835
231,70000000,tt0486655,135560026
232,70000000,tt0440963,442824138
233,175000000,tt0413099,173000000
234,180000000,tt0385752,372234864
235,45000000,tt0446013,30822861
236,39000000,tt0465602,26820641
237,70000000,tt0435705,76066841
238,10000000,tt0890870,139352633
239,25000000,tt0450385,94679598
240,20000000,tt0477071,84146832
241,24000000,tt0465494,99965753
242,33000000,tt1205489,269958228
243,185000000,tt0367882,786636033
244,10800000,tt1132626,113857533
245,90000000,tt0960144,201596308
246,145000000,tt0859163,401128639
247,37000000,tt0887883,163720069
248,30000000,tt1129442,108979549
249,25000000,tt0936501,226830568
250,25000000,tt1060277,170764026
251,60000000,tt0420238,50877145
252,150000000,tt0397892,309979994
253,85000000,tt0489099,222231186
254,30000000,tt0483607,22211426
255,80000000,tt1059786,178066569
256,27000000,tt0910936,101624843
257,20000000,tt0800308,20211394
258,225000000,tt0499448,419651413
259,30000000,tt1127180,90810892
260,60000000,tt0327597,124596398
261,105000000,tt0780521,267045765
262,80000000,tt0986263,122444772
263,13000000,tt1132620,109421911
264,100000000,tt1111422,150166126
265,90000000,tt1080016,886686817
266,11000000,tt1233227,68233629
267,35000000,tt0834001,91353501
268,150000000,tt1078912,413106170
269,175000000,tt1046173,302469017
270,100000000,tt0844471,242988466
271,23600000,tt1156398,102391382
272,53000000,tt1197624,126690726
273,15000000,tt0881891,40105542
274,7500000,tt1022603,60722734
275,26000000,tt1114740,183293131
276,39000000,tt0452694,101229792
277,100000000,tt1243957,278731369
278,18000000,tt1542344,35692920
279,80000000,tt1375670,271430189
280,170000000,tt1104001,400062763
281,15000000,tt1504320,414211549
282,200000000,tt0955308,310669540
283,100000000,tt1386588,170432927
284,165000000,tt0892769,494878759
285,8000000,tt1282140,74952305
286,165000000,tt0892791,752600867
287,25000000,tt0964517,93617009
288,32000000,tt1135084,69055695
289,150000000,tt0963966,215283742
290,50000000,tt1212419,105197635
291,95000000,tt0814255,226497209
292,37000000,tt0840361,154026136
293,150000000,tt0473075,335154643
294,100000000,tt0477080,167805466
295,130000000,tt1001526,321887208
296,155000000,tt0980970,415686217
297,6500000,tt1723811,17693675
298,80000000,tt1411697,254455986
299,200000000,tt1133985,219851172
300,50000000,tt1210166,110206216
301,50000000,tt1502404,28931401
302,32000000,tt0945513,147332697
303,75000000,tt1253864,226904017
304,50000000,tt1650062,260095987
305,40000000,tt1262416,97138686
306,110000000,tt0433035,299268508
307,27000000,tt1219289,161849455
308,36000000,tt1674784,9612469
309,135000000,tt1192628,245724603
310,163000000,tt0409847,174822325
311,35000000,tt1632708,150483765
312,170000000,tt0970179,185770160
313,50000000,tt1464540,144492830
314,40000000,tt0472399,51070807
315,70000000,tt1482459,348840316
316,75000000,tt1392170,691210692
317,15000000,tt1706593,145000000
318,120000000,tt0454876,609016565
319,25000000,tt1524137,63100000
320,44500000,tt1024648,232324128
321,145000000,tt1277953,746921274
322,85000000,tt0837562,358375603
323,6000000,tt2103217,31081
324,21000000,tt1045658,205738714
325,95000000,tt1667889,877244782
326,145000000,tt1446192,306941670
327,70000000,tt1496025,160112671
328,30000000,tt1259521,66486080
329,61000000,tt1707386,441809770
330,60000000,tt0790724,218340595
331,45000000,tt1397280,376141306
332,165000000,tt1772341,471222889
333,130000000,tt1194173,276572938
334,40000000,tt0453562,95020213
335,250000000,tt1170358,958400000
336,28000000,tt1650554,60700000
337,180000000,tt1663662,407602906
338,40000000,tt1800241,251171807
339,30000000,tt1939659,82394288
340,103000000,tt1951261,362000072
341,38000000,tt1979320,90247624
342,35000000,tt2140373,112544580
343,39200000,tt1706620,86758912
344,18000000,tt2334873,99206215
345,60000000,tt1538403,90565421
346,20000000,tt1213663,46089287
347,135000000,tt1860353,282570682
348,12000000,tt2194499,87100449
349,5000000,tt2388715,44030246
350,3000000,tt2184339,89328627
351,90000000,tt0359950,188133322
352,40000000,tt1091191,149295601
353,34000000,tt1790864,348319861
354,55000000,tt0455944,192330738
355,50000000,tt2180411,212902372
356,127000000,tt2692250,349424282
357,42000000,tt2170439,107670357
358,70000000,tt0829150,215529201
359,85000000,tt1840309,288747895
360,140000000,tt1528100,268031828
361,15000000,tt1972571,31554855
362,170000000,tt1843866,714766572
363,48000000,tt2446042,325771424
364,58800000,tt2179136,542307423
365,178000000,tt1631867,370541256
366,12600000,tt1600196,19054534
367,44000000,tt2788710,12342632
368,60000000,tt1490017,469160692
369,65000000,tt1823664,133821816
370,125000000,tt1959490,362637473
371,17000000,tt1924435,136621271
372,95000000,tt1661199,543514353
373,81000000,tt2802144,414351546
374,135000000,tt1663202,532950503
375,30000000,tt1798684,91709827
376,68000000,tt2637276,217022588
377,44000000,tt3460252,155760117
378,40000000,tt2322441,571006128
379,28000000,tt1398426,201634991
380,50000000,tt2199571,71561644
381,58000000,tt1051904,158162788
382,15000000,tt0470752,36869414
383,70000000,tt2717822,17752940
384,30000000,tt3397884,84025816
385,150000000,tt2381249,682330139
386,55000000,tt2719848,203427584
387,61000000,tt4046784,311256926
388,53000000,tt1355683,98837872
389,150000000,tt3332064,128388320
390,55000000,tt2554274,74679822
391,175000000,tt1386697,745600054
392,125000000,tt3095734,64493915
393,200000000,tt2277860,1028570889
394,185000000,tt2660888,343471816
395,75000000,tt3470600,632443719
396,165000000,tt1628841,389681935
397,30000000,tt2261287,2351359
398,90000000,tt2404435,162360636
399,60000000,tt4302938,69929545
400,125000000,tt2094766,240697856
401,9000000,tt4034228,75026965
402,35000000,tt3717252,81093313
403,160000000,tt0803096,433677183
404,40000000,tt2005151,86234523
405,90000000,tt3110958,334901337
406,120000000,tt4196776,415484914
407,4000000,tt4975722,65046687
408,150000000,tt2034800,331957105
409,60000000,tt3393786,162146076
410,82500000,tt0389860,237681299
411,30000000,tt0482546,35078241
412,100000000,tt0449010,249288105
413,27000000,tt0425210,56308881
414,135000000,tt0430357,163794509
415,75000000,tt0385880,140175006
416,40000000,tt0472043,120175290
417,12000000,tt0479884,42931041
418,25000000,tt0414982,117719158
419,15000000,tt0454841,69623713
420,25000000,tt0466909,119188334
421,60000000,tt0443632,77920346
422,12000000,tt0452681,84500122
423,76000000,tt0206634,69959751
424,20000000,tt0419946,22165608
425,270000000,tt0348150,391081192
426,45000000,tt0825232,175372502
427,21000000,tt0498399,54926886
428,9000000,tt0795368,46
429,20000000,tt0486822,117760134
430,5000000,tt0790623,346592
431,150000000,tt0389790,287594577
432,7500000,tt0467406,231411584
433,50000000,tt0408236,152000000
434,130000000,tt0486576,289047763
435,30000000,tt0431308,156835339
436,15000000,tt0463854,64238440
437,25000000,tt0453451,229736344
438,18000000,tt0292963,25005257
439,15000000,tt0373883,80253908
440,60000000,tt0822832,244082376
441,15000000,tt0887912,42000000
442,15000000,tt0780536,34533783
443,15000000,tt0800241,5926410
444,105000000,tt0443649,266000000
445,75000000,tt0985699,200276000
446,70000000,tt1068680,225990978
447,60000000,tt0494238,57490374
448,80000000,tt0960731,212874442
449,45000000,tt0452608,73762516
450,150000000,tt0479952,603900354
451,22000000,tt0988047,23530831
452,50000000,tt0462465,7033683
453,60000000,tt0765476,50650079
454,230000,tt1172570,2260712
455,70000000,tt0758774,113280098
456,17759769,tt0864761,43306325
457,13000000,tt1191111,754249
458,20000000,tt1160368,17280326
459,7500000,tt1174732,26096852
460,20000000,tt0974661,136267476
461,20000000,tt1121931,34560577
462,10000000,tt1220198,42333295
463,35000000,tt0976238,92219310
464,14000000,tt0971209,22852638
465,75000000,tt1231580,443140005
466,16000000,tt1131734,31556061
467,33000000,tt1188729,20645327
468,30000000,tt1054606,64352607
469,50000000,tt0448011,155446362
470,45000000,tt0775552,57881056
471,58000000,tt1314228,85280250
472,20000000,tt1477076,136150434
473,6000000,tt1436045,17555141
474,70000000,tt1027718,134748021
475,60000000,tt0446029,47664559
476,47000000,tt0485947,3547209
477,150000000,tt0938283,318502923
478,60000000,tt0879870,204594016
479,85000000,tt1287468,112483764
480,15000000,tt1196141,75700498
481,55000000,tt1126591,89519773
482,36000000,tt1231587,64572262
483,3500000,tt1120985,16566240
484,58000000,tt1245526,71664962
485,112000000,tt1320261,237382724
486,50000000,tt1570728,142851197
487,30000000,tt0993842,63782078
488,35000000,tt1600195,82087155
489,20000000,tt1284575,216197492
490,150000000,tt1302011,665692281
491,25000000,tt1411238,147780440
492,82000000,tt0978764,89792502
493,90000000,tt1568346,232617430
494,13000000,tt1189073,5774854
495,130000000,tt0983193,371940071
496,42000000,tt1486185,89162162
497,90000000,tt0816462,48795021
498,35000000,tt0905372,28128670
499,47000000,tt1622979,157887643
500,55000000,tt1396218,187361754
501,50200000,tt1385826,127869379
502,10000000,tt1412386,136836156
503,30000000,tt1605783,151119219
504,260000000,tt0401729,284139100
505,209000000,tt1440129,303025485
506,7000000,tt1855199,48126384
507,13000000,tt1659337,33400000
508,3000000,tt1920849,11947954
509,125000000,tt1386703,198802074
510,102000000,tt1371111,130482868
511,3000000,tt1922777,77712439
512,65000000,tt0443272,275293450
513,6900000,tt1582507,44287131
514,42000000,tt1232829,201585328
515,75000000,tt1336608,59418613
516,22000000,tt2023453,77112176
517,15000000,tt1764234,37930465
518,70000000,tt1232200,58058367
519,39000000,tt1142977,35287788
520,10000000,tt1307068,9636289
521,17000000,tt1288558,97542952
522,20000000,tt2024544,187000000
523,115000000,tt1535108,286140700
524,120000000,tt1483013,286168572
525,61000000,tt1272878,131940411
526,200000000,tt1623205,491868548
527,35000000,tt1588173,116980662
528,46000000,tt1392214,122126687
529,70000000,tt2302755,161025640
530,5000000,tt2101441,31724284
531,50000000,tt1211956,122915111
532,60000000,tt1321870,105200903
533,18000000,tt2167202,10501938
534,30000000,tt2053463,63372757
535,255000000,tt1210819,89289910
536,200000000,tt1872181,705717432
537,28000000,tt0365907,53181600
538,160000000,tt0831387,529076069
539,145000000,tt1646971,609123048
540,30000000,tt2278388,174600318
541,15000000,tt2980516,123726688
542,9000000,tt2975578,108782847
543,40000000,tt1956620,126069509
544,65000000,tt0458481,39407616
545,16000000,tt2467046,19682924
546,95000000,tt1121096,114178613
547,50000000,tt1872194,83719388
548,50000000,tt2024469,222809600
549,40000000,tt2096672,169837010
550,110000000,tt1253863,337580051
551,100000000,tt1267297,243400000
552,6500000,tt3322940,255273813
553,38000000,tt3450650,107597242
554,64000000,tt1754656,97571250
555,74000000,tt2279373,311594032
556,30000000,tt1850457,105011053
557,75000000,tt1638355,108145109
558,29000000,tt2848292,287506194
559,40000000,tt3682448,165478348
560,65000000,tt3079380,235666219
561,11000000,tt2401097,593683
562,50000000,tt1528854,242786137
563,35000000,tt2361509,194564672
564,30000000,tt1674771,49263404
565,40000000,tt2515034,13644292
566,6000000,tt3170832,35401758
567,28000000,tt1596363,133346506
568,60000000,tt2446980,101134059
569,35000000,tt2679042,81967450
570,44000000,tt2140479,155160045
571,30000000,tt1212428,8574339
572,125000000,tt1679335,346864462
573,7000000,tt1974419,1333124
574,75000000,tt3062096,220021259
575,144000000,tt1289401,229147509
576,43000000,tt3416532,46652768
577,3500000,tt4954522,4100000
578,8575000,tt4016934,1983204
579,175000000,tt3040964,966550600
580,22500000,tt4550098,29252978
581,25000000,tt4276820,23964782
582,115000000,tt2381991,164602163
583,12000000,tt2582782,37589296
584,50000000,tt3799694,62788218
585,19000000,tt1700841,140705322
586,80000000,tt0327084,343397247
587,40000000,tt0450345,38755073
588,35000000,tt0383060,12506188
589,24000000,tt0479143,155721132
590,6000000,tt0455590,48027970
591,2000000,tt0367027,5179037
592,33000000,tt0417148,62022014
593,23000000,tt0384793,38505009
594,64000000,tt0430304,101595121
595,35000000,tt0414993,15304890
596,50000000,tt0449089,87528173
597,37665000,tt0349467,14655628
598,63000000,tt0469641,162945894
599,130000000,tt0465234,457363168
600,27500000,tt0804522,24748670
601,55000000,tt0381849,70016220
602,25000000,tt0469494,77208711
603,18000000,tt0884328,57096190
604,51500000,tt0765443,55112356
605,25000000,tt1028528,25037897
606,70000000,tt0431197,86658558
607,20000000,tt0368794,4001121
608,150000000,tt0396555,169332978
609,20000000,tt0455760,22217407
610,5,tt0497972,1
611,24000000,tt0466839,9576495
612,70000000,tt0442933,195735876
613,140000000,tt0293564,258022233
614,10200000,tt0498353,35619521
615,32000000,tt1034303,51155219
616,85000000,tt0451079,297138014
617,92000000,tt0942385,188072649
618,15000000,tt0805570,3533227
619,7275000,tt1023490,11260366
620,70000000,tt0364970,72108608
621,11715578,tt1220719,21888598
622,27000000,tt0455538,17286299
623,40000000,tt0443274,151161491
624,11000000,tt0416212,38105395
625,80341000,tt0425637,127814609
626,50000000,tt0462499,113244290
627,20000000,tt0421073,65569869
628,20000000,tt0913354,22942221
629,175000000,tt0892782,381509870
630,60000000,tt1057500,122233971
631,20000000,tt1148204,41596251
632,80000000,tt1152836,214104620
633,38000000,tt1142988,205298907
634,15000000,tt0844708,32721635
635,30000000,tt1136608,210819611
636,70000000,tt1078940,171844840
637,40000000,tt0365929,12206028
638,41000000,tt1155056,91636986
639,40000000,tt1041829,317375031
640,29000000,tt0878804,309208309
641,40000000,tt1144884,186167139
642,45000000,tt0970452,7810000
643,40000000,tt1226229,90029656
644,38000000,tt1403865,252276927
645,20000000,tt0455407,54956140
646,30000000,tt1423894,8454301
647,14000000,tt0817177,1755212
648,9500000,tt1529572,120000
649,40000000,tt1155076,357852395
650,55000000,tt1279935,152263880
651,12000000,tt1188996,42345360
652,10000000,tt1314655,33583175
653,20000000,tt1226753,45636368
654,30000000,tt0758752,102820008
655,80000000,tt1226273,74901339
656,5000000,tt1465522,5476793
657,12000000,tt1020558,6814789
658,38000000,tt1055292,105610124
659,8000000,tt1306980,39187783
660,32000000,tt1464174,83615414
661,15000000,tt1571222,27462041
662,25000000,tt1291584,23057115
663,90000000,tt1436562,484635760
664,70000000,tt1217613,202466756
665,100000,tt1549572,1776935
666,66000000,tt1568911,177584879
667,12000000,tt1625346,22939027
668,130000000,tt0448694,554987477
669,500000,tt1788391,171760
670,75000000,tt1615918,342695435
671,66000000,tt1448755,57777106
672,75000000,tt0471042,152930623
673,65000000,tt1645170,179379533
674,20000000,tt1366365,16863583
675,50000000,tt1605630,234989584
676,25000000,tt1601913,77278331
677,20000000,tt0938330,52302796
678,30000000,tt1195478,53909751
679,40000000,tt1790885,132820716
680,12000000,tt1636826,100000000
681,16000000,tt1748122,68263166
682,42000000,tt1649419,180274123
683,150000000,tt1077368,245527149
684,30000000,tt1656190,40346186
685,30000000,tt1606389,196114570
686,56000000,tt1235522,19701164
687,92000000,tt1606378,304654182
688,16000000,tt2103267,318982
689,130000000,tt1583421,371876278
690,60000000,tt1559547,60052138
691,40000000,tt1661382,44907260
692,175000000,tt1335975,150962475
693,11000000,tt2171867,3639345
694,15000000,tt2023587,146497771
695,55000000,tt1535109,95000000
696,43000000,tt2404463,158674180
697,10900000,tt2404181,16505460
698,50000000,tt1229340,173649015
699,13500000,tt1924396,19255873
700,38000000,tt1411250,98337295
701,14000000,tt1850397,10076790
702,145000000,tt0864835,272912430
703,55000000,tt1109624,259207227
704,13000000,tt2170593,54837234
705,90000000,tt2333784,206172544
706,120000000,tt1234721,242688965
707,7000000,tt3442006,2360281
708,66000000,tt2369135,203277636
709,15000000,tt2305051,52501541
710,4000000,tt2382396,2365467
711,5000000,tt1204977,103590271
712,20000000,tt2937898,12007070
713,5500000,tt2397535,3000000
714,20000000,tt1791528,11110975
715,22000000,tt1726592,15447154
716,4000000,tt1065073,44349000
717,15000000,tt2402157,32556119
718,50000000,tt2262227,97437106
719,100000000,tt1390411,93820758
720,120000000,tt1502712,167977596
721,2500000,tt3605418,6341684
722,35000000,tt3152624,140795793
723,14800000,tt2268016,122513057
724,90000000,tt1618442,146936910
725,25000000,tt1655441,65663276
726,135000000,tt2224026,368871007
727,60000000,tt3045616,30418560
728,20000000,tt1895587,88346473
729,175000000,tt1979388,331926147
730,5000000,tt3567288,98450062
731,37000000,tt3076658,173567581
732,8500000,tt1666801,43528634
733,28000000,tt3316948,27139524
734,110000000,tt3410834,179246868
735,140000000,tt2404233,150680864
736,40000000,tt3774114,37279439
737,19000000,tt3531824,85241496
738,20000000,tt2674426,207945075
739,1500000,tt3835080,779820
740,180000000,tt0918940,356743061
741,15000000,tt1179933,108286421
742,60000000,tt3263904,238470033
743,40000000,tt3522806,125729635
744,50000000,tt1489889,216972543
745,36000000,tt4682786,87416021
746,46000000,tt0490215,23737523
747,10000000,tt4094724,118587880
748,30000000,tt2980210,4212494
749,65000000,tt2788732,143695338
750,45000000,tt4572514,50548152
751,45000000,tt0362120,178262620
752,12000000,tt0424993,38368909
753,55000000,tt0405676,9450897
754,15000000,tt0475276,76286096
755,13000000,tt0469263,11130889
756,15500000,tt0482527,7385434
757,15000000,tt0436697,123384128
758,20000000,tt0475944,37597471
759,8700000,tt0405296,7659918
760,50000000,tt0455957,9448082
761,32000000,tt0457510,80197993
762,2000000,tt0405094,70000000
763,70000000,tt0406816,55011732
764,90000000,tt0418689,65900249
765,8000000,tt0804516,7766240
766,12000000,tt0425112,80573774
767,19000000,tt0452623,34619699
768,60000000,tt0398808,137587063
769,30000000,tt0783233,129266061
770,85000000,tt0423294,149044513
771,160000,tt0907657,20710513
772,23000000,tt0478134,29541790
773,12000000,tt0805564,11293663
774,3800000,tt0880502,17804565
775,16000000,tt0881200,34786960
776,19000000,tt1135985,18755936
777,20000000,tt0200465,64822796
778,70000000,tt0770752,111231041
779,20500000,tt0450314,10089373
780,35000000,tt0880578,32483410
781,80000000,tt0425061,230685453
782,65000000,tt0838283,128107642
783,20000000,tt1014775,149281606
784,24000000,tt1007028,42105111
785,6000000,tt1125849,44703995
786,52000000,tt0795421,609841637
787,20000000,tt0947802,27640028
788,5000000,tt0862846,16174377
789,30000000,tt0443701,68369434
790,60000000,tt0821642,31720158
791,22000000,tt1130080,35424826
792,40000000,tt1135503,129540499
793,30000000,tt0901476,114663461
794,25000000,tt1193138,163670000
795,50000000,tt1034032,40828540
796,4000000,tt1343097,43498108
797,50000000,tt1131729,36348784
798,3400000,tt0844479,114000000
799,50000000,tt1075417,106303988
800,40000000,tt0432283,46471023
801,117000000,tt1013743,261930431
802,25000000,tt0968264,15478800
803,25000000,tt1213648,4644108
804,40000000,tt1424381,126248813
805,20000000,tt0985694,31327899
806,22000000,tt1423995,9479718
807,25000000,tt0480255,23580000
808,25000000,tt0989757,114977104
809,967686,tt1341167,4270000
810,44000000,tt1438254,48190704
811,35000000,tt0492389,39340177
812,30000000,tt0411951,967000
813,40000000,tt1092026,97552050
814,1100000,tt1899353,4105187
815,45000000,tt1634122,160078586
816,15000000,tt1655442,133432856
817,80000000,tt1564367,214918407
818,23000000,tt1506999,33372606
819,80000000,tt1222817,169852759
820,30000000,tt1401152,130786397
821,20000000,tt1033575,177243185
822,45000000,tt0376136,24000000
823,40000000,tt1657507,60965854
824,32500000,tt1478338,288383523
825,9000000,tt1922612,18663238
826,3000000,tt1640459,748453
827,79000000,tt1397514,355692760
828,7500000,tt1034314,8135031
829,26000000,tt1212450,53676580
830,17000000,tt1596365,127730736
831,65000000,tt1596350,156974557
832,40000000,tt1586265,79700000
833,60000000,tt1430626,118338361
834,85000000,tt1599348,208076205
835,17000000,tt1859650,73244881
836,45000000,tt1712170,30353232
837,33000000,tt1800741,140470746
838,15400000,tt2053425,25762027
839,9000000,tt2017038,6108720
840,35000000,tt0882977,42930462
841,12000000,tt1663207,265452
842,110000000,tt1731141,125537191
843,5000000,tt0790636,55198285
844,32000000,tt1245492,126041322
845,25000000,tt2193215,71009334
846,10000000,tt1935179,21587700
847,10000000,tt2345112,653651
848,12000000,tt2357129,35931410
849,10,tt1913166,10000000
850,25000000,tt1327773,115922175
851,150000000,tt2334879,205366737
852,100000000,tt2209764,103039258
853,24000000,tt1100089,12096300
854,40000000,tt1086772,123494610
855,18000000,tt2004420,268157400
856,5000000,tt1609479,75143
857,33000000,tt2316801,49100000
858,60000000,tt1205537,135511030
859,103000000,tt2357291,500188435
860,6000000,tt2771372,3485127
861,70000000,tt2177771,154984035
862,65000000,tt1809398,163442937
863,4000000,tt1881002,187112
864,11000000,tt2381111,62076141
865,30000000,tt2080374,34441873
866,4000000,tt3464902,15656193
867,50000000,tt1014763,3324330
868,5000000,tt1781922,54418872
869,50100000,tt2381941,153962963
870,8000000,tt2401878,5659286
871,31000000,tt1524930,104384188
872,28000000,tt1018765,7002261
873,80000000,tt2510894,473226958
874,20000000,tt2503944,36606743
875,10000000,tt3195644,104303851
876,2000000,tt3172532,1477002
877,105000000,tt3416828,408579038
878,20000000,tt4651520,183936074
879,14000000,tt3387266,13819139
880,100000000,tt2638144,94061311
881,20000000,tt1800302,7227038
882,50000000,tt1124037,25035950
883,145000000,tt2267968,521170825
884,110000000,tt1860357,121790373
885,20000000,tt2368619,14397593
886,108000000,tt2361317,22678555
887,5000000,tt5247022,2152738
888,38000000,tt4501244,118034273
889,40000000,tt0457495,23937870
890,20000000,tt0462519,17807569
891,50000000,tt0381971,69834815
892,26000000,tt0404203,14821658
893,11000000,tt0493430,72778712
894,149000000,tt0424095,64459316
895,31000000,tt0375154,28000000
896,86000000,tt0344854,107944236
897,50000000,tt0427229,128406887
898,4200000,tt0409904,38862717
899,72500000,tt0415306,162966177
900,35000000,tt0416496,10496317
901,50000000,tt0387877,49111202
902,17500000,tt0486551,19179969
903,21000000,tt0389557,26193068
904,3700000,tt0450340,3338228
905,70000000,tt0443489,154937680
906,10000000,tt0765120,21786738
907,30000000,tt0478311,219076518
908,17000000,tt0374563,2626800
909,16000000,tt0838221,24377151
910,21000000,tt0463998,41170784
911,19000000,tt0452702,35300645
912,40000000,tt0758766,145896422
913,30000000,tt0443680,14711793
914,18000000,tt0416044,26527510
915,60795000,tt0457433,73090611
916,12500000,tt0914798,20416563
917,11000000,tt1064932,53191886
918,9000000,tt0981227,32973937
919,20000000,tt1013753,54586584
920,35000000,tt0790686,72436439
921,4000000,tt1139797,10785801
922,60000000,tt0949731,163403799
923,97250400,tt0463872,132900000
924,25100000,tt1175491,29506464
925,12000000,tt0481536,43493123
926,5000000,tt1053859,38610009
927,50000000,tt0891592,12764201
928,40000000,tt1001508,177259441
929,16000000,tt1028532,47801389
930,35000000,tt0962736,27409889
931,50000000,tt0963178,60161391
932,65000000,tt0375568,44091067
933,24000000,tt1234548,68729358
934,40000000,tt1093908,108332743
935,25000000,tt1095217,10589102
936,2900000,tt1190536,296557
937,30000000,tt1023114,20348249
938,40000000,tt1038919,136000000
939,100000000,tt0947810,94882889
940,45000000,tt1139328,60222298
941,35000000,tt1179056,115664037
942,37000000,tt1568921,145570827
943,30000000,tt1193631,159291809
944,2000000,tt1399683,13831503
945,100000000,tt0970866,310650585
946,35000000,tt1028576,60251371
947,19000000,tt0889573,49830607
948,30000000,tt1458175,51148651
949,10000000,tt1017451,2995811
950,25000000,tt1454029,124272124
951,120000000,tt0990407,227817248
952,35000000,tt1616195,84606030
953,110000000,tt0472181,563749323
954,20000000,tt1013860,4634062
955,94000000,tt1410063,95311434
956,7700000,tt1372686,1072602
957,250000,tt1758692,3542353
958,40000000,tt0477302,55247881
959,15000000,tt1563738,59389433
960,14350531,tt1478964,3964682
961,35000000,tt1758830,88058786
962,60000000,tt1623288,107139399
963,11500000,tt1659343,1402307
964,8000000,tt1276419,7594693
965,35000000,tt1656186,2106557
966,68000000,tt1298649,68267862
967,12000000,tt1867093,2521
968,100000,tt2126362,95000
969,8900000,tt1602620,29844753
970,3800000,tt2106476,16800000
971,2500000,tt1990314,3325038
972,25000000,tt1327194,99357138
973,50000000,tt1691917,219788712
974,3500000,tt2387433,25174316
975,195000000,tt1351685,197687603
976,130000000,tt0790736,61648500
977,105000000,tt2017020,347434178
978,55000000,tt1308729,9489829
979,15000000,tt1817273,35485608
980,4357373,tt1715336,1200000
981,30000000,tt2013293,117932401
982,35000000,tt1904996,46216641
983,5000000,tt1450321,9114264
984,25000000,tt1980209,86175291
985,28000000,tt1837703,8555008
986,30000000,tt2668134,17137302
987,12000000,tt1821549,17654912
988,100000000,tt0848537,268426634
989,20000000,tt1893256,8352885
990,50000000,tt1428538,224803475
991,60000000,tt0787474,108255770
992,8500000,tt2333804,770706
993,24000000,tt2239832,70181428
994,11000000,tt1355630,78874843
995,5000000,tt2403021,6833445
996,12000000,tt2582846,307166834
997,4000000,tt3253930,5169755
998,5000000,tt1216491,2450846
999,15000000,tt2884018,12601706
1000,99000000,tt2452042,246233113
1001,1000000,tt3766394,14444999
1002,5000000,tt4178092,58978653
1003,8000000,tt1178665,35991087
1004,10000000,tt3707106,3727746
1005,25000000,tt3530002,52395996
1006,6000000,tt1365050,9077700
1007,23000000,tt0884732,79799880
1008,12000000,tt3622592,85512300
1009,1000000,tt3713166,62882090
1010,13360000,tt3312830,2000000
1011,70000000,tt4624424,182379278
1012,140000000,tt3691740,183345589
1013,8820000,tt5700672,87547518
1014,10000000,tt4645330,4073489
1015,5000000,tt3553976,5879736
1016,4900000,tt4786282,148868835
1017,170000000,tt2567026,299370084
1018,85000000,tt3640424,119520023
1019,20000000,tt1712261,12639297
1020,73000000,tt1985949,349779543
1021,22000000,tt0475290,63647656
1022,9804690,tt3716530,2341534
1023,9900000,tt4160708,157100845
1024,38000000,tt2304933,109906372
1025,35000000,tt3381008,25182929
1026,6000000,tt4714782,1305195
1027,6500000,tt0460989,22889018
1028,17000000,tt0475394,57103895
1029,500000,tt0443431,745327
1030,5000000,tt0424345,26888376
1031,19400000,tt0446755,26522838
1032,54000000,tt0463034,130431368
1033,18000000,tt0479537,1196307
1034,700000,tt0468489,4911725
1035,18000000,tt0386741,1831348
1036,35000000,tt0401445,42064105
1037,20000000,tt0483726,41237648
1038,22000000,tt0495596,68000000
1039,8000000,tt0449059,100523181
1040,35000000,tt0891527,63215872
1041,22000000,tt0492956,147880543
1042,1500000,tt0489235,173066
1043,25000000,tt0426931,66122026
1044,20000000,tt0490204,22222308
1045,16000000,tt0425430,1109660
1046,10000000,tt0419843,17500000
1047,60000000,tt0408839,127766650
1048,30000000,tt0389722,75505973
1049,55000000,tt0865556,127906624
1050,30000000,tt0988595,160259319
1051,28000000,tt0430922,92380927
1052,30000000,tt0871426,63833449
1053,25000000,tt0465502,30000000
1054,35000000,tt0478087,69823199
1055,25000000,tt1213644,14109284
1056,55000000,tt0970411,17869048
1057,40000000,tt0866439,84601681
1058,12000000,tt1082868,40855419
1059,80000000,tt0369436,163733697
1060,8500000,tt1185834,68282844
1061,37000000,tt0410377,100076342
1062,8000000,tt0490181,2033165
1063,16000000,tt0430770,50007546
1064,20000000,tt0918927,50907234
1065,5600000,tt1245112,18469680
1066,8000000,tt1095174,29010817
1067,30000000,tt1078588,95714875
1068,15000000,tt1178663,35097815
1069,100000000,tt0386117,100086793
1070,15000000,tt1179891,100734718
1071,20000000,tt0433362,51416464
1072,7000000,tt1263670,39462438
1073,17000000,tt1210042,29536299
1074,60000000,tt0473705,87784194
1075,2000000,tt1305806,33965843
1076,9500000,tt1091722,17164377
1077,27000000,tt0795351,29000000
1078,35000000,tt0785006,73034460
1079,15000000,tt1352824,8459458
1080,3200000,tt1532503,5332926
1081,2500000,tt1270835,52604
1082,3000000,tt1536044,177512032
1083,7000000,tt1294688,7644937
1084,4500000,tt0838247,3606395
1085,1987650,tt1462758,19152480
1086,15000000,tt1334260,9455232
1087,22000000,tt1179069,851517
1088,12000000,tt1477109,11212294
1089,20000000,tt1414382,32005248
1090,30000000,tt1385867,55583804
1091,80000000,tt1219342,140073390
1092,47000000,tt1075747,10539000
1093,5000000,tt1313092,1000000
1094,2000000,tt1645089,7871522
1095,30000000,tt0881320,108609310
1096,10000000,tt1726669,3665069
1097,7400000,tt1527186,21817298
1098,17000000,tt1214962,12355798
1099,30000000,tt1449283,14460000
1100,14000000,tt0466893,46495
1101,8000000,tt1181614,100915
1102,10000000,tt1535970,610986
1103,56000000,tt1598822,142044638
1104,27000000,tt1517489,85564310
1105,3500000,tt1615147,19504039
1106,45000000,tt1204342,165184237
1107,50000000,tt1389137,120081841
1108,19000000,tt0810922,6928068
1109,75000000,tt1509767,132274484
1110,7000000,tt1915581,167221571
1111,11000000,tt1441951,59520298
1112,50000000,tt1723642,48600000
1113,45000000,tt1615065,82966152
1114,35000000,tt1655460,24159934
1115,20000000,tt1592525,32204030
1116,10000000,tt1433811,3428048
1117,60000000,tt1374992,8106475
1118,2000000,tt2097307,14400000
1119,14000000,tt1748179,13551174
1120,65000000,tt1234719,44806783
1121,78000000,tt1985966,248384621
1122,40000000,tt0765446,74597643
1123,6500000,tt1869716,2401510
1124,1000000,tt2350496,4235151
1125,4000000,tt0469021,9800000
1126,30000000,tt1321511,4861022
1127,2500000,tt2243537,60141683
1128,3860000,tt1462900,64076736
1129,135000000,tt0481499,585178928
1130,25000000,tt2016940,2054941
1131,2500000,tt1714206,6854611
1132,22000000,tt2312718,43058898
1133,22000000,tt1206543,15400000
1134,18000000,tt1967545,20275812
1135,13000000,tt1814621,18000000
1136,25000000,tt0435651,66980456
1137,4900000,tt3612616,3494070
1138,1000000,tt2994190,59744
1139,13200000,tt2011159,53830415
1140,5000000,tt2473682,86362372
1141,130000000,tt1921064,117831631
1142,25000000,tt2039393,39171130
1143,17000000,tt2515030,3758328
1144,11000000,tt2883512,45967935
1145,16000000,tt2398231,3442853
1146,4000000,tt2910814,600896
1147,1000000,tt2326554,395000
1148,8000000,tt2891174,1411927
1149,10000000,tt3072482,14333790
1150,10000000,tt1791682,7587485
1151,16000000,tt3289728,2084628
1152,65000000,tt3672840,121545703
1153,15000000,tt0810819,64191523
1154,19500000,tt1741273,34854990
1155,10000000,tt2473510,78096553
1156,35000000,tt1029360,95437994
1157,10000000,tt1772288,10835752
1158,6000000,tt3787590,11122090
1159,25000000,tt2938956,72629670
1160,25000000,tt3569230,42972994
1161,135000000,tt3949660,245623848
1162,18000000,tt2649554,6212282
1163,32000000,tt2238032,58500000
1164,9000000,tt4190530,4600000
1165,40000000,tt3065204,320170008
1166,40000000,tt2387499,29918745
1167,50000000,tt4172430,69411370
1168,3500000,tt4263482,40423945
1169,5000000,tt1540011,45172994
1170,45000000,tt1711525,114501299
1171,24000000,tt2671706,64414761
1172,9000000,tt1619029,13960394
1173,25000000,tt1355631,15436808
1174,160000000,tt0409182,181674817
1175,15000000,tt0465551,49469904
1176,20000000,tt0758742,27793200
1177,40000000,tt0421729,138259062
1178,12000000,tt0429591,23006849
1179,70000000,tt0430912,38629478
1180,22000000,tt0473188,413454
1181,852510,tt1032846,1185783
1182,4000000,tt0796375,2426851
1183,14000000,tt0401383,19777647
1184,80000000,tt0427392,15071514
1185,40000000,tt0444682,62771059
1186,25000000,tt0452625,59192128
1187,34000000,tt0453556,95608995
1188,20000000,tt0462229,10337477
1189,16000000,tt0427470,5367030
1190,35000000,tt0467197,85416905
1191,15000000,tt1031969,8762890
1192,14700000,tt0808399,8049666
1193,35000000,tt1033643,170000000
1194,90000000,tt0416236,162839667
1195,25000000,tt0449487,2000000
1196,23000000,tt1023481,150816700
1197,62000000,tt0811138,41819064
1198,18000000,tt1032755,25739015
1199,27,tt0479968,26
1200,75000000,tt1201167,61458982
1201,9000000,tt1187043,70000000
1202,13000000,tt1045772,10652035
1203,70000000,tt1186830,39041505
1204,10000000,tt0929632,47536959
1205,40000000,tt1186367,60462347
1206,78146652,tt1135487,60000000
1207,5641880,tt0862467,30638
1208,7300000,tt1289406,10329747
1209,38000000,tt0465580,45465299
1210,35000000,tt1415283,93246388
1211,10000000,tt1320239,4349187
1212,24000000,tt0464154,83188165
1213,35000000,tt1212436,77477008
1214,12500000,tt1244754,6732980
1215,52000000,tt1179034,52826594
1216,6800000,tt1255953,7103838
1217,75000000,tt1103153,98159963
1218,24000000,tt1433108,23081726
1219,25000000,tt1179025,34100000
1220,125000,tt1742336,3200000
1221,15774948,tt1297919,741875
1222,6400000,tt1655420,35057696
1223,30000000,tt1583420,36160375
1224,36000000,tt0480687,83160734
1225,41000000,tt1053810,7448385
1226,52000000,tt1488555,75450437
1227,13000000,tt1702443,98441954
1228,40000000,tt1334512,45735397
1229,5000000,tt1772240,25562924
1230,130000000,tt1402488,150406466
1231,25000000,tt1034389,27122040
1232,18000000,tt1596346,47088990
1233,63000000,tt1411704,183953723
1234,30000000,tt0844993,13521829
1235,5000000,tt2109184,142817992
1236,20000000,tt1491044,1969193
1237,15000000,tt1931533,19422261
1238,42000000,tt1568338,46221189
1239,10000000,tt1531901,89237
1240,9500000,tt1650048,12250
1241,69000000,tt1611224,112265139
1242,15000000,tt2091473,8138788
1243,26000000,tt1486192,29657751
1244,12000000,tt1667310,66351
1245,26000000,tt2387559,51164106
1246,27220000,tt2005374,5496951
1247,2159280,tt2718492,15298355
1248,6000000,tt1333125,32438988
1249,30000000,tt2404311,36894225
1250,1000000,tt2294677,2963902
1251,4900000,tt1985019,2159041
1252,130000000,tt1815862,243843127
1253,25000000,tt1322269,74188937
1254,15000000,tt2132285,19145732
1255,11000000,tt2404461,10631747
1256,4600000,tt1727388,23198652
1257,40000000,tt2203939,196781193
1258,13300000,tt1441395,5380251
1259,10000000,tt1126590,28883511
1260,20000000,tt1020072,66787908
1261,28000000,tt2172934,52597999
1262,2800000,tt3099498,1826705
1263,50000000,tt2294449,188441614
1264,2000000,tt2321549,6676471
1265,50000000,tt2980706,151165787
1266,45000000,tt2626350,86165646
1267,34000000,tt2726560,63013281
1268,4000000,tt3181822,52425855
1269,35000000,tt3488710,61181942
1270,13000000,tt2057392,18704595
1271,17000000,tt2279339,42426912
1272,35000000,tt2358925,14431253
1273,15000000,tt1727776,14860766
1274,12000000,tt2436386,32248241
1275,40000000,tt1976009,34227298
1276,40000000,tt2631186,100000000
1277,40000000,tt2561572,111811453
1278,11000000,tt2217859,161789
1279,36000000,tt2888046,156844753
1280,14000000,tt4005402,3621046
1281,8000000,tt4520364,8810591
1282,45000000,tt3631112,173185859
1283,10000000,tt5653294,27305571
1284,80000000,tt2025690,52099090
1285,60000000,tt3300542,205754447
1286,50000000,tt1608290,55969000
1287,3000000,tt4034354,4210454
1288,10000000,tt1472584,6272403
1289,35000000,tt1473832,211952420
1290,28000000,tt1374989,16374328
1291,13000000,tt4540710,3500605
1292,40000000,tt2513074,30930984
1293,20000000,tt0454945,33889159
1294,12000000,tt0433416,20138836
1295,24000000,tt0395119,23321954
1296,75000000,tt0452637,42285169
1297,40000000,tt0422720,60474340
1298,45000000,tt0408345,82800000
1299,12000000,tt0470765,5542025
1300,67000000,tt0462396,25303038
1301,30000000,tt0435670,26810113
1302,10000000,tt0425413,33000000
1303,9000000,tt0386032,24538513
1304,100000000,tt0486583,97838349
1305,2000000,tt0848557,5364858
1306,85000000,tt0762107,186072214
1307,35000000,tt0762114,69307224
1308,40000000,tt0760329,103071443
1309,55000000,tt0414055,74237563
1310,30000000,tt0481369,77566815
1311,20000000,tt0472071,8380329
1312,20000000,tt0804461,16974459
1313,11500000,tt1073241,186702
1314,35000000,tt0959337,75225693
1315,25000000,tt0489281,11207130
1316,200000,tt1227926,3
1317,60000000,tt1034331,73174566
1318,15000000,tt0497465,96408652
1319,11500000,tt1018818,69564
1320,120000000,tt0811080,93945766
1321,30000000,tt0482572,31148328
1322,150000000,tt0436339,292817841
1323,30000000,tt0362478,33333531
1324,15000000,tt1311067,39421467
1325,70000000,tt0762125,104945765
1326,26000000,tt0765010,43318349
1327,8000000,tt1225822,10848783
1328,17000000,tt0865559,20455276
1329,7000000,tt1019452,31430334
1330,3000000,tt1232776,2357852
1331,15000000,tt1294213,5024782
1332,20000000,tt0892767,1017401
1333,15000000,tt1247640,8786375
1334,8000000,tt1300851,10629321
1335,42000000,tt1032751,11087569
1336,19000000,tt1216492,29922472
1337,4000000,tt1107319,55125
1338,52000000,tt0817230,216485654
1339,1800000,tt1320244,67738090
1340,2500000,tt1512235,324138
1341,48000000,tt0808510,112462508
1342,32000000,tt1053424,18409891
1343,4000000,tt1529235,65584679
1344,20000000,tt0815236,49779728
1345,40000000,tt1126618,58785180
1346,8000000,tt1235189,3453043
1347,5000000,tt1778304,205703818
1348,32000000,tt0478304,54674226
1349,17000000,tt1438176,24922237
1350,40000000,tt1189340,85412898
1351,28000000,tt1622547,40547440
1352,12500000,tt1124035,75993061
1353,20000000,tt1748197,2128186
1354,79000000,tt0810913,149673788
1355,4000000,tt1422136,25345000
1356,2000000,tt1780762,58510
1357,40000000,tt1694020,41863726
1358,25000000,tt1047540,119772232
1359,850000,tt1996264,1243961
1360,32000000,tt1560747,28258060
1361,9000000,tt1440732,8303261
1362,1000000,tt1866249,9138338
1363,90000000,tt1854564,174578751
1364,30000000,tt2364841,62616646
1365,12000000,tt2002718,15008161
1366,10000000,tt1426329,1585582
1367,8500000,tt1684233,9747
1368,32000000,tt2101473,57284237
1369,25500000,tt1747958,2415472
1370,28000000,tt2343793,1749201
1371,13000000,tt1711425,48065672
1372,22500000,tt3007512,15520023
1373,35000000,tt1742334,17508518
1374,13000000,tt2338151,120000000
1375,5000000,tt3316960,43884652
1376,10500000,tt2720680,42070000
1377,7000000,tt2752758,36433975
1378,12250000,tt2345737,2295423
1379,4500000,tt2265171,2627209
1380,600000,tt4270516,7087452
1381,37000000,tt1243974,26250020
1382,20000000,tt2402101,208588
1383,15000000,tt3850590,61548707
1384,11800000,tt2402927,40272135
1385,31500000,tt3014866,14708696
1386,29000000,tt4136084,48902953
1387,11500000,tt1860213,94073028
1388,3000000,tt3068194,14016568
1389,10000000,tt3882082,64188367
1390,9000000,tt1878870,18803648
1391,35000000,tt4438848,108758521
1392,10400000,tt5074352,310000000
1393,25000000,tt2461150,29200000
1394,700000,tt4129870,200242
1395,20000000,tt2547584,25956113
1396,10000000,tt0462504,7177143
1397,4000000,tt0457513,31584901
1398,18000000,tt0455967,41009669
1399,65000000,tt0758794,43545364
1400,15000000,tt0455857,66966987
1401,30000000,tt0370032,31070211
1402,30000000,tt0421206,41480851
1403,52000000,tt0452594,204999686
1404,86000000,tt0211933,14373825
1405,15000000,tt0393597,109000000
1406,4000000,tt0858486,6101046
1407,16000000,tt0469623,2849142
1408,20000000,tt0489237,47738099
1409,30000000,tt0411061,16930884
1410,67000000,tt0462322,25037897
1411,60000000,tt0477051,95673607
1412,6000000,tt0462244,18197398
1413,4000000,tt0488478,7537453
1414,20000000,tt0412536,13204291
1415,65000000,tt1000774,415252786
1416,20000000,tt1046163,36620508
1417,9000000,tt0482606,82391145
1418,35000000,tt0467200,78269970
1419,9750000,tt0464041,558000
1420,25000000,tt0852713,70442940
1421,45000000,tt0814022,42487390
1422,27000000,tt1018785,44352417
1423,7500000,tt1063669,19000000
1424,25000000,tt0800240,17741298
1425,35000000,tt0426592,25871834
1426,11000000,tt0870984,791867
1427,15000000,tt1172233,16633035
1428,16000000,tt1139668,76514050
1429,85000000,tt1230414,219103655
1430,10000000,tt1285309,7022728
1431,20000000,tt1228987,24145613
1432,12500000,tt1194417,1083683
1433,5773100,tt1447972,18144030
1434,32000000,tt1322312,42045846
1435,15000000,tt1172991,4882577
1436,4500000,tt1403988,123820
1437,20000000,tt1440728,65464324
1438,25000000,tt1440232,48531470
1439,8000000,tt0804497,6491240
1440,50000000,tt1392197,83761844
1441,24000000,tt1068242,63543328
1442,25000000,tt1366344,34942188
1443,25000000,tt1692486,27603069
1444,4798235,tt1687901,209696
1445,13000000,tt1007029,114956699
1446,2000000,tt1767382,13101672
1447,150000000,tt1305591,38992758
1448,19000000,tt1268799,35387212
1449,29000000,tt1533749,33662874
1450,500000,tt1832382,24426169
1451,49900000,tt1240982,26121638
1452,3730500,tt0857190,6294161
1453,1500000,tt1731697,1165882
1454,58000000,tt0485985,50365377
1455,14000000,tt1663143,11417362
1456,16000000,tt1716777,12434778
1457,3000000,tt1603257,3010
1458,35000000,tt1931435,21819348
1459,22000000,tt1634003,24000000
1460,30000000,tt0790628,27437881
1461,10000000,tt1922685,1034589
1462,11000000,tt2042568,32935319
1463,35000000,tt1413495,13785015
1464,3000000,tt2209418,11176469
1465,100000,tt2084989,444098
1466,11000000,tt1486834,7847000
1467,5000000,tt2034139,15179302
1468,49300000,tt2576852,24186232
1469,19800000,tt1371150,41296320
1470,25000000,tt2223990,28831145
1471,5000000,tt2908856,7527232
1472,26000000,tt1972779,35926213
1473,17000000,tt2528814,29789000
1474,5000000,tt2870612,40100000
1475,40000000,tt1742044,67347013
1476,7000000,tt3125324,14618727
1477,13000000,tt2183034,45300000
1478,50000000,tt2281587,80383290
1479,70000000,tt1043726,61279452
1480,11930000,tt2910904,18340000
1481,105000000,tt2058673,133718711
1482,8900000,tt3276924,4100000
1483,18000000,tt3623726,41325328
1484,35000000,tt3322364,50363790
1485,2000000,tt2366608,45431
1486,15000000,tt3203606,8235661
1487,8000000,tt2091935,34694
1488,10000000,tt2937696,3400278
1489,13500000,tt4731008,3342697
1490,15000000,tt4341582,10367161
1491,10000000,tt3797868,18730891
1492,10000000,tt1172049,1978592
1493,17000000,tt4052882,119100758
1494,10500000,tt4651410,100659
1495,9000000,tt4361050,81705746
1496,27000000,tt2241351,93282604
1497,8000000,tt0457572,426224
1498,6500000,tt0436331,13368437
1499,22000000,tt0365830,13405595
1500,11000000,tt0468492,88489643
1501,9000000,tt0441796,27105095
1502,13000000,tt0401711,4857367
1503,28000000,tt0397078,38159905
1504,13000000,tt0419749,2636637
1505,40000000,tt0758730,41797066
1506,16000000,tt0829459,18928871
1507,25000000,tt0480242,68377859
1508,16500000,tt0815244,13620075
1509,8000000,tt0850253,908847
1510,75000000,tt0472062,119000410
1511,70000000,tt0476964,69766619
1512,20000000,tt0799949,86865564
1513,7000000,tt0942903,8900000
1514,12000000,tt1103275,3148182
1515,130000000,tt0455824,49554002
1516,12000000,tt0396707,7070330
1517,58000000,tt0379865,41299492
1518,60000000,tt0831887,39031337
1519,30000000,tt1073498,84646831
1520,80000000,tt0875034,53825515
1521,20000000,tt0976222,5210988
1522,800000,tt1379177,867714
1523,80000000,tt1326972,121059225
1524,60000000,tt1045778,62357900
1525,6000000,tt1174730,6670712
1526,10000000,tt1452628,1068682
1527,28000000,tt1273678,45236543
1528,7000000,tt1403177,382946
1529,5000000,tt1531663,2614773
1530,20000000,tt1116184,117224271
1531,30000000,tt1032825,102000000
1532,3500000,tt0842926,34705850
1533,69000000,tt0427152,86387857
1534,20000000,tt1666186,80547866
1535,2000000,tt1242432,572809
1536,500000,tt1470827,4242978
1537,100000000,tt1261945,288347692
1538,27000000,tt1456941,16504936
1539,650000,tt1464580,33245
1540,30000000,tt1093357,64626786
1541,3000000,tt1535616,22000
1542,17000000,tt1152398,43165571
1543,7000000,tt1242460,6038942
1544,38000000,tt1067583,114156230
1545,40000000,tt1701210,5446000
1546,4000000,tt0873886,1104682
1547,21000000,tt1650043,72417394
1548,5990000,tt2258337,19450000
1549,6000000,tt1840417,13231461
1550,14000000,tt0431021,85446075
1551,40000000,tt1598828,36893721
1552,12516654,tt1816518,8109160
1553,1000000,tt2375605,444575
1554,44000000,tt1517260,63327201
1555,35000000,tt2024432,173965010
1556,12000000,tt1682180,12077441
1557,12000000,tt2431286,100129872
1558,4800000,tt1602613,10337387
1559,6000000,tt1932767,1066471
1560,15000000,tt3063516,151831537
1561,13000000,tt1911644,68572378
1562,80000000,tt1762399,126546518
1563,28000000,tt1698641,100654149
1564,3500000,tt3060952,5155325
1565,15000000,tt2463288,59209
1566,28000000,tt1430612,68896829
1567,36000000,tt2978462,52424533
1568,50000000,tt2106361,160602194
1569,5904067,tt3616916,12975143
1570,35000000,tt2967224,51680201
1571,15000000,tt3508840,632542
1572,14000000,tt3077214,16002420
1573,12000000,tt3862750,60273173
1574,15000000,tt3164256,3020664
1575,10000000,tt2555736,85978266
1576,20000000,tt4667094,21164799
1577,7000000,tt4385888,5816211
1578,10000000,tt2582500,13082071
1579,30000000,tt4383594,57814445
1580,25000000,tt0445946,5549200
1581,25000000,tt0395495,16158487
1582,8,tt0477095,21
1583,80000000,tt0405469,37384046
1584,1000000,tt0497116,46243000
1585,47000000,tt0308353,38085778
1586,60000000,tt0454824,17800000
1587,6000000,tt0455612,57231524
1588,20000000,tt0466342,48548426
1589,26000000,tt0417433,17496992
1590,21000000,tt0398913,480314
1591,20000000,tt0780571,41637263
1592,2000000,tt0473308,22179430
1593,2600000,tt0480669,553198
1594,12000000,tt0897361,9620399
1595,3800000,tt0906665,2725258
1596,4000000,tt0845046,6870249
1597,2600000,tt0986264,28430000
1598,6000000,tt1130988,276891
1599,8500000,tt0785035,8936663
1600,2000000,tt1185616,11125849
1601,18000000,tt0865554,382174
1602,12000000,tt0406759,56309766
1603,20000000,tt0844286,5530764
1604,3500000,tt0902272,5231128
1605,20000000,tt1024255,21972336
1606,100000000,tt0457400,68688831
1607,800000,tt1278340,1984662
1608,1700000,tt1103982,1007962
1609,25000000,tt0924129,1037335
1610,20000000,tt1083456,18599102
1611,590235,tt0978762,1725381
1612,4000000,tt1231277,4100000
1613,1500000,tt1226681,32000
1614,9000000,tt1151359,985117
1615,10000000,tt1262981,295750
1616,16000000,tt1403981,56032889
1617,3,tt1560139,43
1618,80000000,tt1302067,201584141
1619,10000000,tt1564585,66821036
1620,5000000,tt0935075,5129058
1621,18000000,tt0775489,5602431
1622,8000000,tt1602098,5634828
1623,8000000,tt1487118,1749457
1624,6000000,tt1540133,19560274
1625,10000000,tt1588334,4417580
1626,70000000,tt1578275,67112664
1627,28000000,tt1633356,10126458
1628,30000000,tt1772230,108348
1629,30000000,tt1521197,15395087
1630,35000000,tt1547234,31083599
1631,30000000,tt1535438,114281051
1632,10500000,tt1764625,23000000
1633,12000000,tt1591479,81272766
1634,20500000,tt1480656,6063556
1635,26350000,tt1132449,1576687
1636,12000000,tt2215719,32726956
1637,12000000,tt1621045,96070507
1638,19500000,tt1833673,91000000
1639,28000000,tt1204975,134402450
1640,28000000,tt1702439,97594140
1641,15000000,tt1758595,21766271
1642,23000000,tt1291580,15600000
1643,16000000,tt1951181,5867686
1644,2900000,tt1763264,74918
1645,20000000,tt1924429,24261569
1646,12400000,tt2358891,8371085
1647,19700000,tt2368672,30000000
1648,65000000,tt1418377,71154592
1649,22000000,tt2980648,88880821
1650,5000000,tt2059171,13809
1651,25000000,tt1408253,153997819
1652,8500000,tt2088003,7500000
1653,20000000,tt2318092,34077920
1654,16800000,tt2870756,51029361
1655,19000000,tt1596345,5578519
1656,3000000,tt1841642,3387000
1657,10000000,tt2752772,52882018
1658,5000000,tt3819668,61768190
1659,11000000,tt2404425,61619773
1660,700000,tt3850214,17986781
1661,7000000,tt1658801,573335
1662,6000000,tt3722070,41387687
1663,5000000,tt3499096,24804129
1664,15000000,tt4262980,77000000
1665,4000000,tt1878841,10898293
1666,4000000,tt3544112,13624522
1667,30000000,tt4513674,43763247
1668,9900000,tt3352390,2400000
1669,29000000,tt2702724,78636257
1670,10000000,tt3387542,40055439
1671,25000000,tt2140037,1397284
1672,17000000,tt0404390,9500000
1673,6000000,tt0354899,9524340
1674,51000000,tt0414853,72779000
1675,4000000,tt0470705,8059140
1676,9000000,tt0454082,21510851
1677,38000000,tt0454919,29907685
1678,15000000,tt0462200,10903846
1679,50000000,tt0429589,55181129
1680,30000000,tt0446046,34742066
1681,20000000,tt0780516,6819587
1682,38000000,tt0437954,5410749
1683,12000000,tt0435528,5285197
1684,10000000,tt0455960,25399945
1685,13000000,tt0974554,14894347
1686,5000000,tt0884224,1296184
1687,150000000,tt1055369,836297228
1688,20000000,tt1198138,73830340
1689,12500000,tt1232783,27206120
1690,18000000,tt0899106,36133014
1691,35000000,tt1114677,155545279
1692,25000000,tt1183251,4388563
1693,25000000,tt0872230,19829957
1694,500000,tt1612774,98017
1695,20000000,tt1213012,39300000
1696,12000000,tt1220888,204940
1697,22000000,tt0977855,24188922
1698,10000000,tt1369706,498974
1699,120000000,tt1341188,48668907
1700,20000000,tt0770703,30426096
1701,4141459,tt1860152,201607
1702,12000000,tt1640548,972512
1703,5000000,tt1675192,3099314
1704,8000000,tt1498569,163265
1705,17000000,tt1646980,3696232
1706,93,tt0893412,2500000
1707,8000000,tt1604171,10130000
1708,1000000,tt1630036,34522221
1709,5650000,tt1700258,43000000
1710,20000000,tt1067774,17425000
1711,500000,tt2063781,376597
1712,5000000,tt1714203,8493728
1713,12000000,tt1764183,35485056
1714,33000000,tt1981107,9494789
1715,55000000,tt1621039,110000000
1716,20000000,tt1572315,47241945
1717,35000000,tt2304771,27330000
1718,15000000,tt0900387,9104716
1719,2000000,tt2692904,4635300
1720,5500000,tt2870708,5483299
1721,20000000,tt3399024,151530
1722,1000000,tt2339741,26501323
1723,25000000,tt2952602,129115
1724,25000000,tt2006295,24902723
1725,20000000,tt3369806,43967255
1726,14000000,tt2637294,12314651
1727,13000000,tt1524575,1784763
1728,1300000,tt3966404,250000
1729,40000000,tt2869728,124827316
1730,75000000,tt2709768,875457937
1731,3800000,tt3714720,1016985
1732,10000000,tt1389139,30658387
1733,25000000,tt1974420,3885342
1734,38000000,tt1292566,112343513
1735,35000000,tt3553442,23083334
1736,17000000,tt4649416,42487325
1737,5000000,tt3216348,6341855
1738,26000000,tt1798603,17782178
1739,50000000,tt4687848,102205175
1740,32000000,tt0452624,5914908
1741,50000000,tt0393735,61112916
1742,17000000,tt0405336,374743
1743,12899867,tt0441909,85582407
1744,100000,tt0805526,10178331
1745,15000000,tt0433442,11992014
1746,8000000,tt0437800,18948425
1747,17000000,tt0465142,7314027
1748,20000000,tt0433386,39143839
1749,70000000,tt0372873,53587404
1750,150000000,tt0418279,709709780
1751,35000000,tt0841046,18317151
1752,21000000,tt1027862,17600000
1753,9100000,tt1166100,76000000
1754,1400000,tt1280558,3500000
1755,6000000,tt1082886,2899975
1756,37000000,tt0482603,63800345
1757,3000000,tt1024715,3830137
1758,25000000,tt0861689,19844979
1759,18500000,tt1058017,31912793
1760,14000000,tt1288403,875386
1761,3500000,tt1303828,44462
1762,20000000,tt1232207,17436509
1763,9000000,tt1054122,16000000
1764,5700000,tt1242422,19300483
1765,8500000,tt0810784,4440055
1766,8700000,tt1465487,47355187
1767,4000000,tt1588337,41424067
1768,14000000,tt1305583,21409028
1769,25000000,tt0999913,10324441
1770,5000000,tt1441952,34564651
1771,5000000,tt1541160,3142154
1772,37000000,tt1161864,96047633
1773,50000000,tt1462041,38502340
1774,19100000,tt1270262,5728213
1775,12468389,tt1640711,29007412
1776,30000000,tt1586752,2527904
1777,37000000,tt1564349,95404397
1778,750000,tt1862079,4007792
1779,13000000,tt1396226,18295
1780,12500000,tt1496422,1353868
1781,2500000,tt1945062,3003
1782,300000,tt1954701,2750275
1783,20000000,tt1487931,27187375
1784,20000000,tt1532958,16549477
1785,18000000,tt2058107,22309223
1786,7000000,tt2328813,1310673
1787,20000000,tt2103254,100525432
1788,6600000,tt2452254,1851517
1789,5000000,tt3098306,12058187
1790,5000000,tt2980592,2367161
1791,60000000,tt1837709,30800231
1792,6500000,tt2799166,13865435
1793,14000000,tt3863552,98000000
1794,11000000,tt3715320,27391084
1795,2000000,tt3268668,2801508
1796,100000,tt2309260,42664410
1797,447524,tt3534602,771317
1798,3300000,tt2918436,64110728
1799,3196621,tt4176826,25513752
1800,8500000,tt4981636,19985196
1801,33000000,tt2823054,77068246
1802,5000000,tt4062536,3220371
1803,9000000,tt4669986,8996802
1804,6700000,tt3655414,12118661
1805,21500000,tt2126235,4811525
1806,8000000,tt0479647,12671300
1807,45000000,tt0408985,38399961
1808,11000000,tt0441048,46396427
1809,10000000,tt0398842,615752
1810,14500000,tt0444182,22963701
1811,15000000,tt0484111,20380
1812,15000000,tt0808279,7938872
1813,45000000,tt0484740,4607608
1814,50000,tt0780607,249905
1815,16500000,tt0416508,37311672
1816,5200000,tt0879843,14723313
1817,28000000,tt0481141,92601050
1818,18000000,tt0365675,40239
1819,45000000,tt1046997,9323833
1820,25000000,tt0486674,6673422
1821,40000000,tt0469903,9793496
1822,19000000,tt0869994,23550000
1823,40000000,tt0450405,28169671
1824,18000000,tt1032815,15345201
1825,17000000,tt1176740,14899417
1826,5000000,tt1244668,17872796
1827,6500000,tt0790712,1521261
1828,10000000,tt1470023,6110000
1829,21000000,tt1321509,49050886
1830,31000000,tt1244659,15134293
1831,8000000,tt1431181,18124262
1832,21000000,tt1321860,970816
1833,10000000,tt1656192,10759
1834,750000,tt1594562,78396
1835,1400000,tt1954470,4100000
1836,5000000,tt1704573,9206470
1837,6400000,tt2168910,18800000
1838,30000000,tt0383010,54819301
1839,15000000,tt1258972,15608545
1840,8000000,tt1602472,1653792
1841,9500000,tt2170299,7800000
1842,7000000,tt2224004,6147
1843,40000000,tt3781476,385284817
1844,3000000,tt3832914,67790117
1845,38000000,tt2909116,123205624
1846,8000000,tt3606888,82703
1847,25000000,tt4824302,48418160
1848,18000000,tt1594972,17062499
1849,6000000,tt1620935,6174491
1850,8500000,tt4196450,15861566
1851,12000000,tt0448124,1381665
1852,12000000,tt0439289,6754898
1853,5300000,tt0439662,22175908
1854,20000000,tt0419887,73276047
1855,5000000,tt0937237,782102
1856,8000000,tt0466816,60641
1857,13000000,tt0775539,75511123
1858,6000000,tt0887971,391410
1859,8376800,tt0449994,13000000
1860,4000000,tt0795441,530048
1861,15000000,tt1142433,6405245
1862,5000000,tt1216496,17112713
1863,26400000,tt1305797,62000000
1864,7000000,tt1405810,8220215
1865,25000000,tt1270761,36993168
1866,7000000,tt1106860,46488
1867,13000000,tt1123373,51723285
1868,18000000,tt1321865,871279
1869,12000000,tt1663321,1428291
1870,10831173,tt1606392,10654385
1871,20000000,tt1486193,17479
1872,24000000,tt1742650,30551495
1873,8000000,tt2025526,49000000
1874,195000000,tt1399103,1123746996
1875,5500000,tt1854236,10016934
1876,1800000,tt2125435,21107746
1877,40000000,tt1430615,24719215
1878,25000000,tt0337692,8784318
1879,5500000,tt2378281,99067206
1880,1500000,tt1758795,3566225
1881,25000000,tt1376213,6399
1882,5000000,tt2243389,11724119
1883,8000000,tt1980929,63464861
1884,18000000,tt2465146,25312387
1885,6000000,tt2355495,15071
1886,12500000,tt1826590,49002684
1887,6700000,tt1969062,1430655
1888,318000,tt2309961,121179
1889,22000000,tt2372222,55000000
1890,18000000,tt4057376,1776333
1891,20000000,tt1810683,6485961
1892,9600000,tt3859076,2541554
1893,23000000,tt1083452,46152411
1894,3500000,tt4853102,3775000
1895,3537415,tt4048272,1390172
1896,5210000,tt4088268,5900000
1897,13000000,tt0420609,1151330
1898,994000,tt0435680,165000
1899,15000000,tt0434215,21000000
1900,8000000,tt0360323,143451
1901,10000000,tt0499554,20342161
1902,9100000,tt1024943,37707444
1903,500000,tt1129423,33456317
1904,15000000,tt0954990,317000
1905,3500000,tt0409345,1115493
1906,2000000,tt1101026,38135878
1907,12000000,tt1235796,1644755
1908,40000000,tt1100119,28972508
1909,23000000,tt1179258,9366227
1910,12500000,tt0473102,3878993
1911,15000000,tt1555064,20529194
1912,3500000,tt1740707,4159678
1913,20000000,tt1391137,60072596
1914,11000000,tt1605769,807535
1915,2200000,tt2070649,31500000
1916,16000000,tt1265990,40492759
1917,25000000,tt1440345,11790979
1918,1000000,tt1560985,101758490
1919,40000000,tt0763831,22044277
1920,12000000,tt1929263,101332962
1921,12700000,tt2319580,3430018
1922,37000000,tt4276752,278300000
1923,1000000,tt3808342,1777043
1924,5000000,tt3614530,2333684
1925,5000000,tt3791302,26144
1926,762241,tt5221584,285930
1927,8000000,tt2321405,292279
1928,20000000,tt3231054,46069568
1929,2200000,tt0405508,11502151
1930,450000,tt0435623,973525
1931,16800000,tt0422295,2281089
1932,2000000,tt0423169,622806
1933,9000000,tt0441007,2955039
1934,2500000,tt0961043,7086000
1935,5000000,tt0914797,4040588
1936,15000000,tt0974613,1143856
1937,7000000,tt0844671,6230276
1938,33000000,tt1149361,14000000
1939,23000000,tt1403130,5837674
1940,15000000,tt0964185,113221
1941,1950000,tt1595366,12005838
1942,10000000,tt1668200,17511906
1943,10000000,tt1196340,55089
1944,8000,tt1714210,484592
1945,10000000,tt1637706,17273593
1946,35000000,tt0491152,59901913
1947,7000000,tt2243621,12400000
1948,4437508,tt2082197,2804874
1949,3600000,tt1403214,24267
1950,18000000,tt2172935,7972967
1951,2200000,tt2844798,282358
1952,8000000,tt1800246,26049082
1953,7000000,tt2737050,6860853
1954,20000000,tt3181776,133332
1955,60000000,tt2822672,9420546
1956,10300000,tt3794028,47748
1957,15000000,tt4139124,20566327
1958,2100000,tt4120176,282382
1959,16000000,tt4257926,73883359
1960,10400000,tt4832640,102000000
1961,1000000,tt0489037,1678874
1962,25000000,tt0462338,11772461
1963,1000000,tt0472259,10018
1964,4000000,tt0465436,46474
1965,40000000,tt0889588,7400000
1966,40000000,tt1129445,19258519
1967,30000,tt1584016,3045943
1968,7000000,tt1572491,3218666
1969,3550000,tt1937339,48000000
1970,1,tt1436559,1378
1971,15000000,tt1536048,868439
1972,8000000,tt2131698,42330
1973,17000000,tt1433822,9627492
1974,6300000,tt1770734,419953
1975,8000000,tt2004432,9630444
1976,17000000,tt2083355,71625195
1977,15000000,tt2247476,30127963
1978,6000000,tt2933544,1020921
1979,22000000,tt3210686,67800064
1980,14000000,tt3896100,8306690
1981,150000000,tt3521164,643034466
1982,16000000,tt3495026,29251596
1983,20000000,tt0430431,13391174
1984,4000000,tt0454987,4630045
1985,5000000,tt0425601,3833507
1986,45000000,tt0432021,148412065
1987,10000000,tt1185420,20000000
1988,16000000,tt1153040,11301649
1989,30000,tt1049402,617000
1990,11000000,tt2076251,12935800
1991,17000,tt1242599,101236
1992,250000,tt2112999,1000000
1993,45202,tt1687247,225861
1994,6000000,tt1756415,35000000
1995,250000,tt2292959,56825
1996,18000000,tt2112124,62000000
1997,6000000,tt2465578,5809330
1998,25000000,tt1647668,38307627
1999,35000000,tt3331846,83061158
2000,5000000,tt3014666,10429707
2001,26000000,tt1224378,34592118
2002,2000000,tt1464191,48390
2003,1400000,tt4285496,1320005
2004,10000000,tt2325977,17472
2005,3300000,tt4629032,5249225
2006,100000,tt3824458,702354
2007,18000000,tt3760922,88923251
2008,3500000,tt0380817,113783
2009,4700000,tt0499375,31000000
2010,5000000,tt0846040,6463286
2011,4000000,tt0483756,333912
2012,11000000,tt0770772,13196245
2013,2300000,tt1093370,4600000
2014,7000000,tt0858479,10569964
2015,35000000,tt0494652,43650785
2016,12000000,tt1308138,13380561
2017,1500000,tt1648112,8786756
2018,6843500,tt2550838,10703234
2019,27563396,tt2076176,29193330
2020,25000000,tt1507563,432274
2021,25496629,tt1794850,40924982
2022,4000000,tt2383068,9221
2023,70000000,tt0884726,18662027
2024,4300000,tt2278871,10165694
2025,9000000,tt2357377,48965210
2026,5000000,tt1786751,40400
2027,6500000,tt2363213,3721345
2028,9000000,tt2883434,21571189
2029,12000000,tt2707858,21026290
2030,1000000,tt3177316,9318
2031,10000000,tt2436682,4500
2032,5000000,tt4429194,6700000
2033,4000000,tt0464049,13401952
2034,2000000,tt0853096,167000
2035,10000000,tt0778661,31609243
2036,5940000,tt1075114,4250000
2037,12000000,tt1124052,10652498
2038,3000000,tt1247704,18097
2039,4600000,tt1514041,1163967
2040,65000,tt1570989,416498
2041,20000000,tt1274300,346594
2042,90000000,tt1041804,16178959
2043,6000000,tt1582271,5206
2044,134005,tt1541995,1332231
2045,4317946,tt1440266,14624826
2046,12000000,tt1566501,9622846
2047,7700000,tt2178470,46000000
2048,8500000,tt1171222,22456509
2049,9700000,tt2788556,154701
2050,4000000,tt2893490,143101
2051,2000000,tt0473709,265198
2052,20000000,tt0466856,21170563
2053,36500000,tt0972558,21834845
2054,2500000,tt0804529,107559
2055,25000000,tt1175506,2336172
2056,7000000,tt1361313,453079
2057,14734000,tt1599975,6775121
2058,2500000,tt1683921,3358
2059,15000000,tt0480239,4627375
2060,10920000,tt1839596,19660000
2061,12000000,tt2016894,51000000
2062,7500000,tt1657510,1359910
2063,10000000,tt2210834,30283
2064,4600000,tt2356180,25000000
2065,200000,tt2235779,17834867
2066,2400000,tt2581244,88273
2067,3500000,tt3859304,615816
2068,20000000,tt2865120,8821329
2069,5000000,tt4158624,443962
2070,20000000,tt3628584,55030051
2071,7400000,tt0449999,17000000
2072,1000000,tt0854678,274661
2073,143000,tt1172998,1000000
2074,1000000,tt1331064,1296971
2075,3000000,tt1152822,103735
2076,1500000,tt1268204,187716
2077,6400000,tt1499201,5900000
2078,6453637,tt1934234,1800000
2079,103000,tt2299842,3623330
2080,3500000,tt2371486,7339398
2081,500000,tt2495104,15000000
2082,6000000,tt2182972,32251
2083,1816720,tt4142022,4541800
2084,26000000,tt4535650,61000000
2085,2380000,tt0480025,8176544
2086,85000000,tt0463985,158468292
2087,79000,tt0492619,245000
2088,8000000,tt0283503,458232
2089,20000000,tt1190617,7000000
2090,7000000,tt1220628,1429299
2091,11000000,tt1167599,32000000
2092,13400000,tt1584131,16700000
2093,4000000,tt1549589,911466
2094,930000,tt1726589,30905
2095,20000000,tt1230215,610792
2096,13000000,tt1954352,1832541
2097,3000000,tt1662293,1675381
2098,9500000,tt3541262,112156811
2099,16500000,tt2978102,21256
2100,60720000,tt4701660,553810228
2101,5000000,tt4824308,23507567
2102,33000000,tt1467391,6982465
2103,3347850,tt1680058,1248748
2104,10000000,tt1714209,303877
2105,1500000,tt1885300,1938
2106,4000000,tt1839642,350006
2107,6000000,tt3202120,14348529
2108,9272437,tt3321428,11672363
2109,12000000,tt3540136,80000000
2110,3200000,tt4501454,4267218
2111,13000000,tt1490785,1646788
2112,1380000,tt0458242,1615018
2113,10,tt0494290,4000000
2114,700000,tt0801526,31576
2115,2000000,tt0912593,1431623
2116,15000000,tt1239426,16810383
2117,100000,tt1480660,1000000
2118,6600000,tt1640484,37710610
2119,10000000,tt1554091,1759252
2120,25000000,tt4164468,29000000
2121,11000000,tt2318405,7200000
2122,2840000,tt2181931,11620000
2123,15,tt1828959,122
2124,3300000,tt2796678,45000
2125,25000,tt3593046,25000
2126,68490000,tt4591310,193677158
2127,8000000,tt4616250,17000000
2128,12156348,tt5091538,7900000
2129,1000000,tt0479162,7202
2130,50000000,tt0367959,82169884
2131,6000000,tt0903627,1300000
2132,15000000,tt1569364,21500000
2133,12500000,tt1275863,20794985
2134,3906840,tt1379222,4300000
2135,5579750,tt2456720,8927600
2136,1200000,tt2051894,2861020
2137,4000000,tt0393329,907456
2138,3500000,tt1091617,7700000
2139,6000000,tt0976247,69497
2140,5750000,tt1230448,10000000
2141,10400000,tt1587729,20967660
2142,2000000,tt1562568,841733
2143,19500000,tt3735246,56000000
2144,10000000,tt4644382,150000000
2145,1500000,tt4950110,2000000
2146,7500000,tt4353996,9100000
2147,10721568,tt5286444,2978994
2148,10000000,tt3850544,2600000
2149,15000000,tt0906108,55184721
2150,75,tt1084972,134
2151,25000000,tt1272051,6500000
2152,14000000,tt1876451,24637469
2153,120000000,tt1430132,415440673
2154,17500000,tt1425922,7018189
2155,13000000,tt4110568,22000000
2156,5980000,tt4434004,14900000
2157,10000000,tt0848538,22896728
2158,2000000,tt1139282,7306
2159,3230939,tt1355546,18000000
2160,2800000,tt1826660,13218980
2161,11097000,tt1849718,49028000
2162,5000000,tt2012665,1189612
2163,2000000,tt4936450,343617
2164,3,tt0856052,4
2165,4180000,tt1105733,11000000
2166,500000,tt1193516,5330000
2167,3800000,tt1276105,111731
2168,3062000,tt1948150,25034000
2169,4000000,tt1719071,355688
2170,20,tt1831829,15
2171,1200000,tt1821480,16000000
2172,6400000,tt2359810,18000000
2173,5500000,tt2667960,5000000
2174,18500000,tt1002563,6490401
2175,4500000,tt4387040,32000000
2176,3000000,tt0489244,1449945
2177,15000000,tt0892375,22730842
2178,2400000,tt1182972,9600000
2179,6200000,tt1542482,4820000
2180,6000000,tt1454523,3770657
2181,3837625,tt1441956,3867000
2182,5000000,tt4337690,4842699
2183,5000,tt5066556,11083449
2184,4531653,tt1920885,84552250
2185,5800000,tt0473024,7000000
2186,500000,tt0433350,220151
2187,1000000,tt1046198,404785
2188,250000,tt1228953,232732
2189,6250000,tt1602476,8500000
2190,2270000,tt1447508,6900000
2191,25000000,tt1787759,53213633
2192,40000000,tt1946347,10079201
2193,65000000,tt0249516,73706
2194,1300000,tt2203308,16000000
2195,7100000,tt2377938,18000000
2196,5300000,tt4643580,9080818
2197,5000000,tt0987918,55635037
2198,4500000,tt0808526,744816
2199,1300000,tt5278832,102986
2200,6500000,tt5156746,6900000
2201,560000,tt0948530,1500000
2202,6400000,tt1094241,2556911
2203,11000000,tt1172060,15500000
2204,8000000,tt1293793,10814122
2205,9000000,tt1274295,18130000
2206,4000000,tt1613062,253899
2207,12000000,tt2106741,117629
2208,500000,tt1934269,116207
2209,4881000,tt2169322,81350000
2210,3700000,tt3678782,11480000
2211,4300000,tt5946128,3376375
2212,1000000,tt0431461,11455
2213,9000000,tt0887745,706000
2214,14000000,tt1146325,25000000
2215,2500000,tt0981042,352810
2216,3000000,tt1324059,11000000
2217,5000000,tt1529567,4074023
2218,6000000,tt2321517,4588176
2219,1379375,tt4374460,105097
2220,4500000,tt0465967,3468423
2221,441892,tt0807758,1030375
2222,2300000,tt0473367,11100000
2223,20000000,tt1155705,31244858
2224,1500000,tt1170391,56000
2225,25000000,tt1242457,16815892
2226,3500000,tt1620549,2294357
2227,12902809,tt1386932,36000000
2228,20000000,tt1547230,14166853
2229,5000000,tt0420835,140666
2230,2000000,tt0466399,300000
2231,25000000,tt1071812,20719451
2232,2000000,tt1171701,13500000
2233,3000000,tt1437366,4800080
2234,5000000,tt1504319,27046
2235,5200000,tt0315642,9200000
=======
14,0,tt0779982,4947717
15,100000000,tt0450259,170877916
16,30000000,tt0420223,53653224
17,65000000,tt0416449,422610419
18,55000000,tt0450232,65664721
19,85000000,tt0343737,59908565
>>>>>>> e5928293fbec0ba90fba28f8c1cae58632682749
