budget,imdb_id,revenue
200000000,tt0383574,1065659812
55000000,tt0454921,307077295
125000000,tt0382625,767820459
150000000,tt0381061,599045960
120000000,tt0317219,461983149
65000000,tt0416449,422610419
54000000,tt0434409,132511035
35000000,tt0458352,326551094
25000000,tt0449467,135330182
80000000,tt0438097,660940780
40000000,tt0482571,109676311
55000000,tt0450232,65664721
110000000,tt0477347,574480841
50000000,tt0384537,97607453
50000000,tt0401855,111340801
40000000,tt0410297,114830111
12000000,tt0462590,114194847
90000000,tt0407887,289847354
150000000,tt0317919,397850012
100000000,tt0450259,170877916
300000000,tt0449088,961000000
3500000,tt0804507,54947
150000000,tt0373889,938212738
150000000,tt0382932,623722818
70000000,tt0486655,135560026
25000000,tt0477348,171600000
110000000,tt0337978,383531464
258000000,tt0413300,890871626
85000000,tt0461770,340487652
130000000,tt0486576,289047763
110000000,tt0259324,228738393
65000000,tt0443706,84785914
150000000,tt0480249,585349010
15000000,tt0758758,56255142
40000000,tt0758730,41797066
75000000,tt0462538,527068851
20000000,tt0486822,117760134
61000000,tt0822854,95696996
20000000,tt0368794,4001121
185000000,tt0468569,1004558444
37000000,tt1099212,392616625
140000000,tt0371746,585174222
180000000,tt0910970,521311860
130000000,tt0441773,631744560
150000000,tt0421715,333932083
33000000,tt1205489,269958228
75000000,tt0493464,258270008
200000000,tt0830515,586090727
32000000,tt0976051,113019290
45000000,tt0373051,101702060
60000000,tt0494238,57490374
41677699,tt0876563,187479518
55000000,tt0814314,168167691
150000000,tt0800080,163712074
185000000,tt0367882,786636033
20000000,tt1023111,41627431
225000000,tt0499448,419651413
80000000,tt1059786,178066569
85000000,tt0411477,160388063
237000000,tt0499549,2787965087
50000000,tt1259571,709827462
175000000,tt1049413,735099082
90000000,tt0988045,524028679
250000000,tt0417741,933959197
70000000,tt0361748,319131050
150000000,tt0808151,356613439
150000000,tt0796366,385680446
200000000,tt0438488,371353001
130000000,tt0409459,185258983
35000000,tt1119646,459270619
90000000,tt1080016,886686817
5000000,tt1182345,9760104
30000000,tt1127180,90810892
65000000,tt0380510,93525586
200000000,tt1190080,769653595
32000000,tt0898367,27635305
150000000,tt1078912,413106170
30000000,tt1136608,210819611
160000000,tt1375666,825532764
69000000,tt1323594,543513985
68000000,tt1325004,698491347
250000000,tt0926084,954305868
200000000,tt1014759,1025491110
200000000,tt1228705,623933331
28000000,tt1250777,96188903
13000000,tt0947798,327803731
40000000,tt1285016,224920315
80000000,tt1130884,294804195
100000000,tt1243957,278731369
165000000,tt0892769,494878759
125000000,tt0800320,232713139
110000000,tt0429493,177238796
37000000,tt0840361,154026136
8000000,tt1282140,74952305
260000000,tt0398286,591794936
150000000,tt0473075,335154643
20000000,tt1477076,136150434
170000000,tt1104001,400062763
150000000,tt0800369,449326618
93000000,tt1318514,482860185
380000000,tt1298650,1045713802
110000000,tt1324999,712171856
15000000,tt0780504,78054825
125000000,tt1201607,1342000000
140000000,tt0458339,370569774
13000000,tt1675434,426480871
60000000,tt1598778,137551594
200000000,tt1216475,559852396
32000000,tt0945513,147332697
50000000,tt1650062,260095987
90000000,tt1568346,232617430
200000000,tt1133985,219851172
125000000,tt1515091,334615000
50000000,tt1210166,110206216
82000000,tt0978764,89792502
80000000,tt1411697,254455986
40000000,tt1637688,173930596
220000000,tt0848228,1519557910
250000000,tt1345836,1084939099
215000000,tt0948470,752215857
250000000,tt0903624,1021103568
130000000,tt1446714,403170142
120000000,tt1673434,829000000
100000000,tt1853728,425368238
185000000,tt1217209,538983207
130000000,tt1194173,276572938
200000000,tt1074638,1108561013
79000000,tt1397514,355692760
225000000,tt1409024,624026776
25000000,tt1524137,63100000
170000000,tt1735898,396600000
95000000,tt1667889,877244782
50000000,tt1637725,549368315
100000000,tt1764651,312573423
85000000,tt0837562,358375603
70000000,tt1496025,160112671
120000000,tt0454876,609016565
170000000,tt1981115,644571402
150000000,tt2294629,1274219009
250000000,tt1170358,958400000
130000000,tt1951264,847423452
76000000,tt1690953,970761885
225000000,tt0770828,662845518
75000000,tt1670345,117698894
100000000,tt0993846,392000694
200000000,tt1300854,1215439994
13000000,tt1457767,318000141
105000000,tt1454468,716392705
40000000,tt1800241,251171807
105000000,tt1343092,351040419
120000000,tt1483013,286168572
200000000,tt1453405,743559607
46000000,tt1392214,122126687
20000000,tt2024544,187000000
165000000,tt2245084,652105443
20000000,tt2911666,88761661
61000000,tt2267998,369330363
125000000,tt1951265,752100229
170000000,tt2103281,710644566
3300000,tt2582802,13092000
170000000,tt2015381,773328629
165000000,tt0816692,675120017
250000000,tt2310332,956019788
14000000,tt2084970,233555708
34000000,tt1790864,348319861
68000000,tt2713180,211817906
18000000,tt2562232,103215094
125000000,tt1291150,477200000
40000000,tt2872732,126546825
180000000,tt1587310,758539785
132000000,tt1911658,373552094
210000000,tt2109248,1091405097
8500000,tt2872718,38697217
74000000,tt2293640,1156730962
155000000,tt1340138,440603537
49000000,tt1823672,104399548
110000000,tt2126355,470490832
280000000,tt2395427,1405403694
245000000,tt2488496,2068223624
108000000,tt3659388,630161890
110000000,tt2908446,295238201
88000000,tt2120120,243637091
40000000,tt2322441,571006128
150000000,tt0369610,1513528810
175000000,tt2096673,857611174
160000000,tt1951266,653428261
190000000,tt1964418,209154322
81000000,tt2802144,414351546
176000003,tt1617661,183987723
26000000,tt2140379,30523226
245000000,tt2379713,880674609
95000000,tt1661199,543514353
130000000,tt0478970,519311965
58000000,tt1431045,783112979
250000000,tt2975590,873260194
250000000,tt3498820,1153304495
47000000,tt2543164,203388186
165000000,tt1211837,677718395
180000000,tt3183660,809342332
9000000,tt4972582,278304578
150000000,tt2948356,1023784195
200000000,tt3748528,1056057273
30000000,tt3783958,445435700
40000000,tt2119532,175302354
178000000,tt3385516,543934787
175000000,tt1386697,745600054
110000000,tt1355644,303144152
110000000,tt3410834,179246868
110000000,tt1935859,296485719
20000000,tt2674426,207945075
85000000,tt0343737,59908565
45000000,tt0454848,184376254
75000000,tt0385880,140175006
25000000,tt0414982,117719158
85000000,tt0413895,144000000
12000000,tt0479884,42931041
82500000,tt0389860,237681299
8700000,tt0405296,7659918
50000000,tt0396171,132180323
19000000,tt0457430,83258226
270000000,tt0348150,391081192
30000000,tt0420223,53653224
35000000,tt0414993,15304890
2000000,tt0405094,70000000
85000000,tt0457939,194168700
100000000,tt0366548,384335608
80000000,tt0327084,343397247
85000000,tt0496806,311312624
51500000,tt0765443,55112356
20000000,tt0829482,121463226
60000000,tt0952640,361366633
130000000,tt0465234,457363168
160000000,tt0413267,798958165
15000,tt1179904,193355800
15000000,tt0463854,64238440
24000000,tt0465494,99965753
25000000,tt1028528,25037897
25000000,tt0499556,40452643
45000000,tt0825232,175372502
175000000,tt0413099,173000000
12000000,tt0425112,80573774
150000000,tt0389790,287594577
30000000,tt0478311,219076518
15000000,tt0427309,30226144
145000000,tt0859163,401128639
150000000,tt0479952,603900354
37000000,tt0887883,163720069
150000000,tt0448157,624029371
15000000,tt0780536,34533783
30000000,tt1129442,108979549
25000000,tt0936501,226830568
10800000,tt1132626,113857533
35000000,tt0478087,69823199
92000000,tt0942385,188072649
50000000,tt0462499,113244290
230000,tt1172570,2260712
80000000,tt0970416,233093859
15000000,tt1010048,377910544
150000000,tt0397892,309979994
30000000,tt0800039,105173115
22000000,tt0988047,23530831
30000000,tt0443701,68369434
100000000,tt0844471,242988466
30000000,tt0472033,48428063
200000000,tt1067106,325233863
11000000,tt1233227,68233629
23600000,tt1156398,102391382
53000000,tt1197624,126690726
105000000,tt0780521,267045765
19000000,tt0758746,91379051
80000000,tt0986263,122444772
20000000,tt1121931,34560577
13000000,tt1132620,109421911
14000000,tt0971209,22852638
38000000,tt1142988,205298907
175000000,tt1046173,302469017
35000000,tt0834001,91353501
7000000,tt1019452,31430334
15000000,tt0881891,40105542
45000000,tt0775552,57881056
65000000,tt1231583,211780824
200000000,tt0435761,1066969703
50000000,tt1212419,105197635
80000000,tt1320253,274470394
26000000,tt1038686,67918658
60000000,tt0879870,204594016
130000000,tt1001526,321887208
1500000,tt1591095,97009150
40000000,tt1424381,126248813
150000000,tt0963966,215283742
18000000,tt1542344,35692920
25000000,tt0964517,93617009
110000000,tt0944835,293329073
6000000,tt1436045,17555141
15000000,tt1504320,414211549
58000000,tt1245526,71664962
60000000,tt0446029,47664559
165000000,tt0892791,752600867
35000000,tt0905372,28128670
145000000,tt1229238,694713380
35000000,tt1499658,117000000
27000000,tt1219289,161849455
57000000,tt1071875,149217355
163000000,tt0409847,174822325
110000000,tt0433035,299268508
40000000,tt0472399,51070807
6500000,tt1723811,17693675
42000000,tt1486185,89162162
170000000,tt0970179,185770160
135000000,tt1192628,245724603
60000000,tt0822847,78309131
40000000,tt0479997,88100000
130000000,tt0448694,554987477
1100000,tt1899353,4105187
36000000,tt0377981,189712432
66000000,tt1448755,57777106
75000000,tt1392170,691210692
150000000,tt1646987,301000000
60000000,tt0790724,218340595
21000000,tt1045658,205738714
125000000,tt1386703,198802074
20000000,tt1925431,4636169
85000000,tt1667353,183018522
31000000,tt1907668,161772375
61000000,tt1707386,441809770
40000000,tt1790885,132820716
45000000,tt1397280,376141306
209000000,tt1440129,303025485
15000000,tt1706593,145000000
70000000,tt1482459,348840316
50000000,tt1343727,41037742
30000000,tt1259521,66486080
165000000,tt1772341,471222889
13000000,tt1659337,33400000
145000000,tt1277953,746921274
42000000,tt1232829,201585328
40000000,tt1091191,149295601
190000000,tt1408101,467365246
23000000,tt1798709,47351251
60000000,tt1538403,90565421
200000000,tt0816711,531865000
5000000,tt2101441,31724284
12000000,tt2194499,87100449
50000000,tt1211956,122915111
70000000,tt2302755,161025640
135000000,tt0481499,585178928
20000000,tt0795461,78378744
30000000,tt1321511,4861022
135000000,tt1860353,282570682
37000000,tt1723121,269994119
115000000,tt1535108,286140700
39200000,tt1706620,86758912
61000000,tt1272878,131940411
12000000,tt1663207,265452
85000000,tt1840309,288747895
127000000,tt2692250,349424282
250000000,tt1877832,747862775
65000000,tt0458481,39407616
42000000,tt2170439,107670357
200000000,tt1872181,705717432
55000000,tt0455944,192330738
58800000,tt2179136,542307423
178000000,tt1631867,370541256
40000000,tt1956620,126069509
145000000,tt1646971,609123048
48000000,tt2446042,325771424
140000000,tt1528100,268031828
28000000,tt0365907,53181600
100000000,tt1267297,243400000
15000000,tt1972571,31554855
5500000,tt2397535,3000000
70000000,tt0829150,215529201
65000000,tt1823664,133821816
68000000,tt2637276,217022588
61000000,tt4046784,311256926
2000000,tt3235888,14674076
190000000,tt2820852,1506249360
150000000,tt1392190,378858340
44000000,tt3460252,155760117
15000000,tt0470752,36869414
30000000,tt1798684,91709827
135000000,tt1663202,532950503
30000000,tt3397884,84025816
10000000,tt3072482,14333790
20000000,tt1895587,88346473
35000000,tt3152624,140795793
150000000,tt2381249,682330139
50000000,tt2199571,71561644
70000000,tt2717822,17752940
40000000,tt3682448,165478348
55000000,tt2554274,74679822
165000000,tt1628841,389681935
160000000,tt0803096,433677183
30000000,tt2261287,2351359
35000000,tt3717252,81093313
200000000,tt2277860,1028570889
12000000,tt3741834,140302754
75000000,tt3470600,632443719
25000000,tt4846340,230698791
125000000,tt3095734,64493915
120000000,tt4196776,415484914
12000000,tt2582782,37589296
90000000,tt3110958,334901337
110000000,tt1860357,121790373
50000000,tt3799694,62788218
60000000,tt3393786,162146076
19000000,tt1700841,140705322
175000000,tt3040964,966550600
7000000,tt1974419,1333124
40000000,tt0443543,86915017
20000000,tt0475944,37597471
10000000,tt0489270,163876815
27000000,tt0425210,56308881
76000000,tt0206634,69959751
75000000,tt0453467,180557550
40000000,tt0397313,120455994
40000000,tt0450345,38755073
19000000,tt0498380,68673228
18000000,tt0443453,261572744
85000000,tt0400717,197309027
70000000,tt0406816,55011732
135000000,tt0430357,163794509
40000000,tt0457495,23937870
15000000,tt0454841,69623713
60000000,tt0443632,77920346
50000000,tt0381971,69834815
160000,tt0907657,20710513
100000000,tt0765429,266465037
1500000,tt1038988,30448000
50000000,tt0427327,90450008
25000000,tt0450385,94679598
70000000,tt0442933,195735876
70000000,tt0440963,442824138
10000000,tt0890870,139352633
18000000,tt0292963,25005257
8000000,tt0804516,7766240
30000000,tt0431308,156835339
45000000,tt0446013,30822861
30000000,tt0389722,75505973
16000000,tt0838221,24377151
180000000,tt0385752,372234864
30000000,tt0483607,22211426
60000000,tt0420238,50877145
55000000,tt0824747,113020255
25000000,tt1060277,170764026
60000000,tt0765476,50650079
20500000,tt0450314,10089373
75000000,tt0985699,200276000
27000000,tt0910936,101624843
105000000,tt0443649,266000000
15000000,tt0887912,42000000
70000000,tt1068680,225990978
90000000,tt0960144,201596308
40000000,tt1001508,177259441
175000000,tt0892782,381509870
50000000,tt0448011,155446362
75000000,tt1231580,443140005
40000000,tt1144884,186167139
39000000,tt0452694,101229792
50000000,tt1034032,40828540
13000000,tt1191111,754249
20000000,tt0913354,22942221
16000000,tt1028532,47801389
60000000,tt0327597,124596398
75000000,tt1201167,61458982
100000000,tt1111422,150166126
15000000,tt1178663,35097815
20000000,tt0974661,136267476
30000000,tt1054606,64352607
100000000,tt0477080,167805466
155000000,tt0980970,415686217
15000000,tt1196141,75700498
200000000,tt0955308,310669540
47000000,tt0485947,3547209
117000000,tt1013743,261930431
95000000,tt0814255,226497209
100000000,tt0970866,310650585
80000000,tt1037705,157107755
38000000,tt1403865,252276927
32000000,tt1135084,69055695
3500000,tt1120985,16566240
15000000,tt1334260,9455232
20000000,tt1226753,45636368
70000000,tt1027718,134748021
40000000,tt1126618,58785180
47000000,tt1622979,157887643
8000000,tt1306980,39187783
50000000,tt1464540,144492830
40000000,tt1262416,97138686
15000000,tt1655442,133432856
130000000,tt0983193,371940071
75000000,tt0471042,152930623
36000000,tt1674784,9612469
35000000,tt1632708,150483765
100000,tt1549572,1776935
25000000,tt1454029,124272124
20000000,tt1284575,216197492
15774948,tt1297919,741875
150000000,tt1302011,665692281
50000000,tt1570728,142851197
30000000,tt0993842,63782078
30000000,tt1276104,47042000
12000000,tt1636826,100000000
145000000,tt1446192,306941670
260000000,tt0401729,284139100
10000000,tt1433811,3428048
17000000,tt1981677,115350426
30000000,tt1606389,196114570
7000000,tt1915581,167221571
60000000,tt1623288,107139399
3800000,tt2106476,16800000
60000000,tt1430626,118338361
16000000,tt1748122,68263166
3000000,tt1920849,11947954
60000000,tt1374992,8106475
200000000,tt1623205,491868548
180000000,tt1663662,407602906
10900000,tt2404181,16505460
55000000,tt1308729,9489829
195000000,tt1351685,197687603
92000000,tt1606378,304654182
28000000,tt1650554,60700000
6500000,tt1869716,2401510
255000000,tt1210819,89289910
103000000,tt1951261,362000072
35000000,tt1588173,116980662
30000000,tt1939659,82394288
5000000,tt2388715,44030246
110000000,tt1731141,125537191
18000000,tt2334873,99206215
15000000,tt1817273,35485608
30000000,tt2278388,174600318
170000000,tt1843866,714766572
20000000,tt2937898,12007070
55000000,tt1109624,259207227
9000000,tt2975578,108782847
44000000,tt2788710,12342632
16000000,tt2467046,19682924
11000000,tt1355630,78874843
50000000,tt2024469,222809600
125000000,tt1959490,362637473
22000000,tt1726592,15447154
50000000,tt2294449,188441614
18000000,tt2004420,268157400
60000000,tt1490017,469160692
17000000,tt1924435,136621271
28000000,tt2172934,52597999
6500000,tt3322940,255273813
40000000,tt1086772,123494610
100000000,tt1390411,93820758
120000000,tt1502712,167977596
38000000,tt3450650,107597242
5000000,tt4178092,58978653
2500000,tt3605418,6341684
75000000,tt1638355,108145109
37000000,tt3076658,173567581
50000000,tt1528854,242786137
31000000,tt1524930,104384188
29000000,tt2848292,287506194
64000000,tt1754656,97571250
28000000,tt1596363,133346506
28000000,tt1398426,201634991
30000000,tt1850457,105011053
40000000,tt2515034,13644292
35000000,tt1029360,95437994
5000000,tt3567288,98450062
58000000,tt1051904,158162788
22500000,tt4550098,29252978
45000000,tt4572514,50548152
10000000,tt4094724,118587880
20000000,tt1800302,7227038
185000000,tt2660888,343471816
150000000,tt2034800,331957105
9000000,tt4034228,75026965
8575000,tt4016934,1983204
115000000,tt2381991,164602163
125000000,tt1679335,346864462
75000000,tt3062096,220021259
30000000,tt1212428,8574339
60000000,tt4302938,69929545
44000000,tt2140479,155160045
108000000,tt2361317,22678555
105000000,tt3416828,408579038
149000000,tt0424095,64459316
30000000,tt0482546,35078241
45000000,tt0362120,178262620
30000000,tt0387808,495303
160000000,tt0409182,181674817
24000000,tt0479143,155721132
60000000,tt0454824,17800000
40000000,tt0472043,120175290
6000000,tt0455590,48027970
17000000,tt0404390,9500000
90000000,tt0418689,65900249
30000000,tt0370032,31070211
26000000,tt0404203,14821658
50000000,tt0408236,152000000
70000000,tt0435705,76066841
25000000,tt0453451,229736344
70000000,tt0431197,86658558
20000000,tt0477071,84146832
50000000,tt0448134,32017803
3800000,tt0880502,17804565
17000000,tt0374563,2626800
55000000,tt0381849,70016220
30000000,tt0783233,129266061
25000000,tt0465538,92991835
60000000,tt0477051,95673607
18000000,tt0416044,26527510
6000000,tt1125849,44703995
27000000,tt0455538,17286299
11715578,tt1220719,21888598
25000000,tt0852713,70442940
30000000,tt0988595,160259319
15000000,tt0800241,5926410
20000000,tt0800308,20211394
9000000,tt0981227,32973937
20000000,tt1013753,54586584
16000000,tt0430770,50007546
15000000,tt0805570,3533227
20000000,tt0421073,65569869
60000000,tt0822832,244082376
30000000,tt0871426,63833449
70000000,tt0364970,72108608
35000000,tt0790686,72436439
35000000,tt0976238,92219310
80000000,tt1152836,214104620
24000000,tt1234548,68729358
4000000,tt1343097,43498108
17000000,tt1210042,29536299
65000000,tt0375568,44091067
40000000,tt1041829,317375031
40000000,tt0432283,46471023
7500000,tt1022603,60722734
20000000,tt0433362,51416464
40000000,tt1093908,108332743
29000000,tt0878804,309208309
15000000,tt0844708,32721635
45000000,tt0970452,7810000
40000000,tt1155076,357852395
75000000,tt1103153,98159963
80000000,tt1375670,271430189
35000000,tt1179056,115664037
12000000,tt1020558,6814789
38000000,tt1055292,105610124
100000000,tt0947810,94882889
10000000,tt1314655,33583175
3200000,tt1532503,5332926
19000000,tt1216492,29922472
10000000,tt1452628,1068682
100000000,tt1386588,170432927
20000000,tt0985694,31327899
112000000,tt1320261,237382724
36000000,tt1231587,64572262
45000000,tt1139328,60222298
40000000,tt1657507,60965854
20000000,tt1033575,177243185
45000000,tt1634122,160078586
19000000,tt1268799,35387212
28000000,tt1622547,40547440
13000000,tt1189073,5774854
80000000,tt1564367,214918407
25000000,tt1411238,147780440
17000000,tt1214962,12355798
40000000,tt1092026,97552050
250000,tt1758692,3542353
75000000,tt1253864,226904017
120000000,tt0990407,227817248
500000,tt1788391,171760
6000000,tt2103217,31081
44500000,tt1024648,232324128
25000000,tt1601913,77278331
50000000,tt1605630,234989584
65000000,tt1596350,156974557
75000000,tt1336608,59418613
17000000,tt1859650,73244881
22000000,tt2023453,77112176
35000000,tt1656186,2106557
8900000,tt1602620,29844753
42000000,tt1649419,180274123
7000000,tt1855199,48126384
20000000,tt1366365,16863583
3000000,tt1922777,77712439
150000000,tt1077368,245527149
43000000,tt2404463,158674180
3860000,tt1462900,64076736
50000000,tt1428538,224803475
38000000,tt1979320,90247624
12000000,tt2357129,35931410
50000000,tt1691917,219788712
4000000,tt0469021,9800000
150000000,tt2334879,205366737
40000000,tt1661382,44907260
35000000,tt2140373,112544580
38000000,tt1411250,98337295
18000000,tt2167202,10501938
40000000,tt0453562,95020213
22000000,tt2312718,43058898
35000000,tt0882977,42930462
15000000,tt2402157,32556119
110000000,tt1253863,337580051
160000000,tt0831387,529076069
50000000,tt2180411,212902372
33000000,tt2316801,49100000
12000000,tt2582846,307166834
5000000,tt1204977,103590271
50000000,tt1872194,83719388
90000000,tt2333784,206172544
95000000,tt1121096,114178613
15000000,tt2305051,52501541
15000000,tt2980516,123726688
5000000,tt2473682,86362372
65000000,tt1809398,163442937
20000000,tt1791528,11110975
11000000,tt2401097,593683
74000000,tt2279373,311594032
35000000,tt2361509,194564672
30000000,tt1674771,49263404
15000000,tt2884018,12601706
55000000,tt2719848,203427584
150000000,tt3332064,128388320
99000000,tt2452042,246233113
8000000,tt1178665,35991087
175000000,tt1979388,331926147
30000000,tt2080374,34441873
80000000,tt2510894,473226958
40000000,tt2561572,111811453
8500000,tt1666801,43528634
140000000,tt2404233,150680864
22000000,tt0475290,63647656
60000000,tt3263904,238470033
90000000,tt2404435,162360636
25000000,tt4276820,23964782
125000000,tt2094766,240697856
40000000,tt3774114,37279439
65000000,tt2788732,143695338
40000000,tt3522806,125729635
15000000,tt1179933,108286421
8820000,tt5700672,87547518
50000000,tt1489889,216972543
40000000,tt2005151,86234523
4000000,tt4975722,65046687
35000000,tt4438848,108758521
13000000,tt4540710,9101546
43000000,tt3416532,46652768
19000000,tt3531824,85241496
4000000,tt0457513,31584901
52000000,tt0452594,204999686
72500000,tt0415306,162966177
50000000,tt0449089,87528173
20000000,tt0419946,22165608
2000000,tt0367027,5179037
86000000,tt0344854,107944236
35000000,tt0401445,42064105
20000000,tt0462519,17807569
21000000,tt0389557,26193068
25000000,tt0466909,119188334
75000000,tt0472062,119000410
18000000,tt0884328,57096190
7500000,tt0467406,231411584
150000000,tt0396555,169332978
39000000,tt0465602,26820641
80000000,tt0427392,15071514
852510,tt1032846,1185783
10000000,tt0425413,33000000
30000000,tt0481369,77566815
25000000,tt0469494,77208711
23000000,tt0478134,29541790
30000000,tt0443680,14711793
60000000,tt0408839,127766650
40000000,tt0443274,151161491
12500000,tt0914798,20416563
11000000,tt0416212,38105395
18000000,tt1032755,25739015
4000000,tt1139797,10785801
70000000,tt0770752,111231041
52000000,tt0795421,609841637
97250400,tt0463872,132900000
32000000,tt1034303,51155219
80341000,tt0425637,127814609
20000000,tt0918927,50907234
45000000,tt0452608,73762516
70000000,tt0758774,113280098
19000000,tt1135985,18755936
23000000,tt1023481,150816700
35000000,tt0467197,85416905
25000000,tt0465502,30000000
5000000,tt1053859,38610009
40000000,tt0365929,12206028
25000000,tt1193138,163670000
12500000,tt1232783,27206120
2000000,tt1305806,33965843
20000000,tt1160368,17280326
22000000,tt1130080,35424826
26000000,tt1114740,183293131
5641880,tt0862467,30638
13000000,tt1045772,10652035
10000000,tt1220198,42333295
7000000,tt1263670,39462438
100000000,tt0386117,100086793
33000000,tt1188729,20645327
25000000,tt1213648,4644108
9500000,tt1529572,120000
80000000,tt1226273,74901339
55000000,tt1279935,152263880
25000000,tt0989757,114977104
35000000,tt0492389,39340177
25000000,tt0480255,23580000
3000000,tt1536044,177512032
52000000,tt1179034,52826594
40000000,tt1226229,90029656
5000000,tt1465522,5476793
10000000,tt1017451,2995811
30000000,tt1193631,159291809
30000000,tt1385867,55583804
20000000,tt0455407,54956140
32000000,tt1464174,83615414
17000000,tt1438176,24922237
12000000,tt1625346,22939027
10000000,tt1412386,136836156
3500000,tt1615147,19504039
5000000,tt1778304,205703818
90000000,tt0816462,48795021
15000000,tt1563738,59389433
15000000,tt1571222,27462041
75000000,tt1509767,132274484
35000000,tt1600195,82087155
30000000,tt1605783,151119219
20000000,tt0770703,30426096
102000000,tt1371111,130482868
12000000,tt1867093,2521
32000000,tt1560747,28258060
20000000,tt0938330,52302796
8000000,tt1276419,7594693
6900000,tt1582507,44287131
42000000,tt1568338,46221189
85000000,tt1599348,208076205
14000000,tt1748179,13551174
10000000,tt1307068,9636289
15400000,tt2053425,25762027
26000000,tt1212450,53676580
20000000,tt1592525,32204030
65000000,tt1645170,179379533
5000000,tt0790636,55198285
8000000,tt1980929,63464861
130000000,tt1583421,371876278
56000000,tt1235522,19701164
3000000,tt2184339,89328627
25500000,tt1747958,2415472
22000000,tt1206543,15400000
16000000,tt2103267,318982
5000000,tt1450321,9114264
11000000,tt2042568,32935319
100000000,tt0848537,268426634
9000000,tt2017038,6108720
130000000,tt0790736,61648500
80000000,tt2191701,246984278
105000000,tt2017020,347434178
1000000,tt2294677,2963902
145000000,tt0864835,272912430
20000000,tt1020072,66787908
4900000,tt3612616,3494070
120000000,tt1234721,242688965
14000000,tt1850397,10076790
40000000,tt2203939,196781193
25000000,tt0435651,66980456
12600000,tt1600196,19054534
7000000,tt3442006,2360281
40000000,tt2096672,169837010
130000000,tt1921064,117831631
50000000,tt2262227,97437106
13000000,tt2170593,54837234
100000000,tt2209764,103039258
25000000,tt3569230,42972994
6000000,tt3170832,35401758
65000000,tt3079380,235666219
28000000,tt1018765,7002261
2000000,tt3172532,1477002
50000000,tt1014763,3324330
25000000,tt2938956,72629670
4000000,tt3464902,15656193
20000000,tt2503944,36606743
50100000,tt2381941,153962963
14800000,tt2268016,122513057
36000000,tt2888046,156844753
5000000,tt1781922,54418872
15000000,tt3850590,61548707
135000000,tt2224026,368871007
5000000,tt3553976,5879736
36000000,tt4682786,87416021
180000000,tt0918940,356743061
135000000,tt3949660,245623848
9000000,tt4190530,4600000
170000000,tt2567026,299370084
85000000,tt3640424,119520023
100000000,tt2638144,94061311
145000000,tt2267968,521170825
144000000,tt1289401,229147509
70000000,tt4624424,182379278
40000000,tt3065204,320170008
9804690,tt3716530,2341534
1500000,tt3835080,779820
22000000,tt0495596,68000000
31000000,tt0375154,28000000
8000000,tt0449059,100523181
3700000,tt0450340,3338228
13000000,tt0419749,2636637
6500000,tt0436331,13368437
4200000,tt0409904,38862717
15500000,tt0482527,7385434
20000000,tt0454945,33889159
15000000,tt0475276,76286096
28000000,tt0397078,38159905
20000000,tt0433386,39143839
19400000,tt0446755,26522838
21000000,tt0463998,41170784
10000000,tt0765120,21786738
16000000,tt0829459,18928871
14000000,tt0401383,19777647
15000000,tt0373883,80253908
22000000,tt0473188,413454
19000000,tt0452623,34619699
20000000,tt0490204,22222308
60795000,tt0457433,73090611
35000000,tt0891527,63215872
10000000,tt0419843,17500000
50000000,tt0462465,7033683
65000000,tt1000774,415252786
60000000,tt0949731,163403799
11500000,tt1018818,69564
28000000,tt0430922,92380927
24000000,tt1007028,42105111
7275000,tt1023490,11260366
25000000,tt0800240,17741298
9750000,tt0464041,558000
85000000,tt0489099,222231186
120000000,tt0811080,93945766
35000000,tt0880578,32483410
130000000,tt0455824,49554002
2000000,tt1185616,11125849
15000000,tt0497465,96408652
10000000,tt1285309,7022728
30000000,tt1078588,95714875
20000000,tt1148204,41596251
16000000,tt1131734,31556061
50000000,tt0963178,60161391
60000000,tt0821642,31720158
8000000,tt1095174,29010817
70000000,tt1078940,171844840
7300000,tt1289406,10329747
60000000,tt1057500,122233971
50000000,tt1131729,36348784
78146652,tt1135487,60000000
60000000,tt0473705,87784194
80000000,tt1219342,140073390
30000000,tt0758752,102820008
14000000,tt0817177,1755212
35000000,tt1415283,93246388
37000000,tt1568921,145570827
30000000,tt1423894,8454301
22000000,tt1423995,9479718
2000000,tt1645089,7871522
85000000,tt1287468,112483764
55000000,tt1126591,89519773
150000000,tt0938283,318502923
32000000,tt1053424,18409891
10000000,tt1564585,66821036
3000000,tt1640459,748453
40000000,tt1334512,45735397
30000000,tt1401152,130786397
52000000,tt1488555,75450437
50200000,tt1385826,127869379
25000000,tt1034389,27122040
70000000,tt1217613,202466756
30000000,tt1583420,36160375
23000000,tt1506999,33372606
32000000,tt0478304,54674226
55000000,tt1396218,187361754
66000000,tt1568911,177584879
7400000,tt1527186,21817298
50000000,tt1502404,28931401
20000000,tt1748197,2128186
39000000,tt1142977,35287788
26000000,tt1486192,29657751
2000000,tt2097307,14400000
12516654,tt1816518,8109160
40000000,tt1586265,79700000
20500000,tt1480656,6063556
14000000,tt0431021,85446075
45000000,tt1615065,82966152
12000000,tt1667310,66351
68000000,tt1298649,68267862
33000000,tt1800741,140470746
17000000,tt1596365,127730736
15000000,tt2023587,146497771
60000000,tt1321870,105200903
32000000,tt1245492,126041322
20000000,tt1213663,46089287
40000000,tt0765446,74597643
25000000,tt2193215,71009334
55000000,tt1535109,95000000
60000000,tt1559547,60052138
28000000,tt1837703,8555008
30000000,tt2668134,17137302
20000000,tt1572315,47241945
30000000,tt2053463,63372757
8500000,tt1684233,9747
78000000,tt1985966,248384621
2159280,tt2718492,15298355
16000000,tt2398231,3442853
5000000,tt1216491,2450846
2000000,tt2321549,6676471
24000000,tt2239832,70181428
1000000,tt2994190,59744
11000000,tt2883512,45967935
5000000,tt1609479,75143
4000000,tt1065073,44349000
4000000,tt2382396,2365467
50000000,tt2980706,151165787
5000000,tt2908856,7527232
26000000,tt1972779,35926213
35000000,tt3488710,61181942
25000000,tt1655441,65663276
35000000,tt2679042,81967450
60000000,tt3045616,30418560
4000000,tt3181822,52425855
60000000,tt2446980,101134059
10000000,tt1772288,10835752
53000000,tt1355683,98837872
25000000,tt3530002,52395996
4000000,tt1881002,187112
14000000,tt4005402,3621046
23000000,tt0884732,79799880
28000000,tt3316948,27139524
10000000,tt3195644,104303851
13360000,tt3312830,2000000
11000000,tt2381111,62076141
38000000,tt2304933,109906372
24000000,tt2671706,64414761
6700000,tt3655414,12118661
46000000,tt0490215,23737523
3500000,tt4954522,4100000
18000000,tt2649554,6212282
5000000,tt5247022,2152738
40000000,tt2387499,29918745
17000000,tt4052882,119100758
8000000,tt4520364,8810591
80000000,tt2025690,52099090
50000000,tt1124037,25035950
20000000,tt1712261,12639297
11500000,tt1860213,94073028
45000000,tt0408345,82800000
35000000,tt0416496,10496317
12000000,tt0452681,84500122
50000000,tt0427229,128406887
64000000,tt0430304,101595121
63000000,tt0469641,162945894
17000000,tt0475394,57103895
75000000,tt0452637,42285169
33000000,tt0417148,62022014
700000,tt0468489,4911725
500000,tt0443431,745327
40000000,tt0422720,60474340
18000000,tt0455967,41009669
37665000,tt0349467,14655628
85000000,tt0762107,186072214
24000000,tt0466839,9576495
21000000,tt0498399,54926886
2000000,tt0848557,5364858
16000000,tt0425430,1109660
30000000,tt0411061,16930884
27500000,tt0804522,24748670
55000000,tt0414055,74237563
4000000,tt0858486,6101046
67000000,tt0462396,25303038
60000000,tt0398808,137587063
40000000,tt0758766,145896422
85000000,tt0423294,149044513
80000000,tt0960731,212874442
14700000,tt0808399,8049666
65000000,tt0838283,128107642
25000000,tt0489281,11207130
85000000,tt0451079,297138014
17759769,tt0864761,43306325
35000000,tt0959337,75225693
20000000,tt0200465,64822796
35000000,tt0467200,78269970
55000000,tt0970411,17869048
80000000,tt0369436,163733697
37000000,tt0410377,100076342
35000000,tt1114677,155545279
70000000,tt0762125,104945765
80000000,tt0875034,53825515
3400000,tt0844479,114000000
15000000,tt1352824,8459458
7500000,tt1174732,26096852
11000000,tt0870984,791867
41000000,tt1155056,91636986
2900000,tt1190536,296557
5600000,tt1245112,18469680
30000000,tt0362478,33333531
38000000,tt0465580,45465299
30000000,tt0411951,967000
2000000,tt1399683,13831503
24000000,tt1433108,23081726
12000000,tt1477109,11212294
20000000,tt1228987,24145613
35000000,tt1212436,77477008
47000000,tt1075747,10539000
12000000,tt1188996,42345360
20000000,tt1414382,32005248
25000000,tt1440232,48531470
100000000,tt1261945,288347692
120000000,tt1341188,48668907
750000,tt1594562,78396
45000000,tt1204342,165184237
5000000,tt1441952,34564651
25000000,tt1291584,23057115
27000000,tt1517489,85564310
90000000,tt1436562,484635760
45000000,tt0376136,24000000
35000000,tt1616195,84606030
94000000,tt1410063,95311434
20000000,tt1013860,4634062
18000000,tt1596346,47088990
6000000,tt1540133,19560274
25000000,tt1366344,34942188
38000000,tt1067583,114156230
5000000,tt1772240,25562924
70000000,tt1232200,58058367
25000000,tt1047540,119772232
45000000,tt1712170,30353232
30000000,tt1195478,53909751
2500000,tt1990314,3325038
20000000,tt1924429,24261569
30000000,tt2013293,117932401
22000000,tt1634003,24000000
15000000,tt2132285,19145732
55000000,tt1621039,110000000
90000000,tt0359950,188133322
175000000,tt1335975,150962475
27220000,tt2005374,5496951
35000000,tt1904996,46216641
4600000,tt1727388,23198652
12000000,tt1682180,12077441
6000000,tt1333125,32438988
13300000,tt1441395,5380251
60000000,tt1205537,135511030
13000000,tt2338151,120000000
24000000,tt1100089,12096300
8500000,tt2333804,770706
5000000,tt2403021,6833445
60000000,tt0787474,108255770
17000000,tt2515030,3758328
35000000,tt1742334,17508518
16000000,tt3289728,2084628
12000000,tt3622592,85512300
105000000,tt2058673,133718711
1000000,tt3713166,62882090
90000000,tt1618442,146936910
12000000,tt2436386,32248241
13000000,tt2057392,18704595
14000000,tt3077214,16002420
8000000,tt2401878,5659286
73000000,tt1985949,349779543
9900000,tt4160708,157100845
20000000,tt2368619,14397593
50000000,tt4172430,69411370
38000000,tt1292566,112343513
38000000,tt4501244,118034273
3500000,tt4263482,40423945
31500000,tt3014866,14708696
4900000,tt4786282,148868835
60000000,tt3300542,205754447
35000000,tt1473832,211952420
26000000,tt1798603,17782178
45000000,tt3631112,173185859
6000000,tt4714782,1305195
35000000,tt3381008,25182929
35000000,tt0383060,12506188
55000000,tt0405676,9450897
8000000,tt0457572,426224
100000000,tt0449010,249288105
11000000,tt0493430,72778712
50000000,tt0387877,49111202
54000000,tt0463034,130431368
18000000,tt0386741,1831348
40000000,tt0421729,138259062
20000000,tt0483726,41237648
15000000,tt0465551,49469904
17000000,tt0405336,374743
70000000,tt0443489,154937680
32000000,tt0457510,80197993
86000000,tt0211933,14373825
25000000,tt0480242,68377859
10200000,tt0498353,35619521
4000000,tt0796375,2426851
20000000,tt0455760,22217407
5000000,tt0790623,346592
4000000,tt0488478,7537453
20000000,tt0804461,16974459
30000000,tt0435670,26810113
22000000,tt0492956,147880543
100000000,tt0486583,97838349
12000000,tt0805564,11293663
35000000,tt0762114,69307224
11500000,tt1073241,186702
35000000,tt0426592,25871834
5000000,tt0862846,16174377
60000000,tt1034331,73174566
20000000,tt0947802,27640028
25000000,tt0449487,2000000
12000000,tt0481536,43493123
30000000,tt0482572,31148328
8500000,tt1185834,68282844
12000000,tt1103275,3148182
40000000,tt1135503,129540499
50000000,tt1075417,106303988
15000000,tt1172233,16633035
20000000,tt0892767,1017401
9000000,tt1187043,70000000
25000000,tt0924129,1037335
15000000,tt1311067,39421467
35000000,tt0962736,27409889
800000,tt1379177,867714
25000000,tt1095217,10589102
7000000,tt1405810,8220215
3500000,tt0842926,34705850
1800000,tt1320244,67738090
30000000,tt1023114,20348249
28000000,tt1273678,45236543
22000000,tt1179069,851517
20000000,tt1116184,117224271
10000000,tt1320239,4349187
5000000,tt0935075,5129058
2000000,tt1242432,572809
19000000,tt0889573,49830607
25000000,tt0968264,15478800
52000000,tt0817230,216485654
40000000,tt1189340,85412898
17000000,tt1152398,43165571
49900000,tt1240982,26121638
7000000,tt1242460,6038942
37000000,tt1161864,96047633
12500000,tt1124035,75993061
4798235,tt1687901,209696
8000000,tt1181614,100915
80000000,tt1222817,169852759
30000000,tt1093357,64626786
30000000,tt1449283,14460000
30000000,tt0844993,13521829
7700000,tt1372686,1072602
69000000,tt1611224,112265139
7500000,tt1034314,8135031
15000000,tt1764234,37930465
65000000,tt0443272,275293450
25000000,tt0337692,8784318
30000000,tt1656190,40346186
16000000,tt1716777,12434778
15000000,tt1258972,15608545
1000000,tt2350496,4235151
3500000,tt2387433,25174316
30000000,tt2404311,36894225
17000000,tt1288558,97542952
10000000,tt2345112,653651
28000000,tt2343793,1749201
11000000,tt2171867,3639345
2500000,tt1714206,6854611
25000000,tt2016940,2054941
35000000,tt2304771,27330000
11000000,tt2404461,10631747
66000000,tt2369135,203277636
5000000,tt3316960,43884652
5000000,tt2980592,2367161
36000000,tt2978462,52424533
8500000,tt2088003,7500000
16800000,tt2870756,51029361
50000000,tt2106361,160602194
103000000,tt2357291,500188435
8000000,tt2891174,1411927
25000000,tt2223990,28831145
40000000,tt1976009,34227298
10000000,tt1791682,7587485
15000000,tt0810819,64191523
2000000,tt2366608,45431
1000000,tt3766394,14444999
15000000,tt3203606,8235661
600000,tt4270516,7087452
37000000,tt1243974,26250020
10000000,tt3387542,40055439
20000000,tt4651520,183936074
140000000,tt3691740,183345589
21500000,tt2126235,4811525
10000000,tt2582500,13082071
25000000,tt1355631,15436808
25000000,tt2461150,29200000
27000000,tt2241351,93282604
32000000,tt2238032,58500000
15000000,tt4262980,77000000
29000000,tt2702724,78636257
12000000,tt0424993,38368909
15000000,tt0462200,10903846
50000000,tt0429589,55181129
30000000,tt0421206,41480851
5000000,tt0424345,26888376
70000000,tt0430912,38629478
12000000,tt0433416,20138836
38000000,tt0454919,29907685
22000000,tt0365830,13405595
140000000,tt0293564,258022233
25000000,tt0426931,66122026
1500000,tt0489235,173066
67000000,tt0462322,25037897
16000000,tt0427470,5367030
34000000,tt0453556,95608995
20000000,tt0780571,41637263
16500000,tt0416508,37311672
25000000,tt0452625,59192128
9000000,tt0482606,82391145
45000000,tt0814022,42487390
35000000,tt1033643,170000000
60000000,tt0831887,39031337
20000000,tt1014775,149281606
8500000,tt0785035,8936663
25000000,tt0861689,19844979
80000000,tt0425061,230685453
5000000,tt0884224,1296184
58000000,tt0379865,41299492
20000000,tt1024255,21972336
7000000,tt0942903,8900000
80000000,tt1326972,121059225
5700000,tt1242422,19300483
150000000,tt0436339,292817841
58000000,tt1314228,85280250
800000,tt1278340,1984662
16000000,tt1139668,76514050
20000000,tt0976222,5210988
18000000,tt1032815,15345201
60000000,tt1045778,62357900
48000000,tt0808510,112462508
12500000,tt1244754,6732980
3500000,tt1740707,4159678
4500000,tt0838247,3606395
7000000,tt1403177,382946
967686,tt1341167,4270000
35000000,tt1028576,60251371
4500000,tt1403988,123820
2500000,tt1512235,324138
7000000,tt1294688,7644937
20000000,tt0815236,49779728
2500000,tt1270835,52604
5000000,tt1313092,1000000
50000000,tt1389137,120081841
130000000,tt1402488,150406466
50000000,tt1462041,38502340
75000000,tt1615918,342695435
14350531,tt1478964,3964682
125000,tt1742336,3200000
32500000,tt1478338,288383523
63000000,tt1411704,183953723
30000000,tt1521197,15395087
10000000,tt1726669,3665069
3000000,tt1535616,22000
13000000,tt1007029,114956699
20000000,tt1067774,17425000
20000000,tt1491044,1969193
15000000,tt2091473,8138788
35000000,tt1758830,88058786
11000000,tt1441951,59520298
40000000,tt1598828,36893721
65000000,tt1234719,44806783
25000000,tt1327194,99357138
40000000,tt1694020,41863726
9500000,tt1650048,12250
13000000,tt1911644,68572378
50000000,tt1229340,173649015
13000000,tt1814621,18000000
12000000,tt2431286,100129872
90000000,tt1854564,174578751
13000000,tt1711425,48065672
13500000,tt1924396,19255873
30000000,tt2364841,62616646
10000000,tt1935179,21587700
26000000,tt2387559,51164106
11000000,tt1486834,7847000
49300000,tt2576852,24186232
15000000,tt3063516,151831537
4000000,tt3253930,5169755
7000000,tt2752758,36433975
13200000,tt2011159,53830415
3500000,tt3060952,5155325
6000000,tt2771372,3485127
65000000,tt1418377,71154592
10500000,tt2720680,42070000
5000000,tt2870612,40100000
20000000,tt3181776,133332
17000000,tt2279339,42426912
40000000,tt2631186,100000000
5000000,tt3819668,61768190
6000000,tt3787590,11122090
9000000,tt1878870,18803648
10000000,tt3797868,18730891
9900000,tt3352390,2400000
30000000,tt4513674,43763247
10000000,tt4645330,4073489
10000000,tt5653294,27305571
30000000,tt2980210,4212494
23000000,tt1083452,46152411
8000000,tt3606888,82703
14000000,tt3387266,13819139
28000000,tt1374989,16374328
80000000,tt0405469,37384046
12899867,tt0441909,85582407
4000000,tt0470705,8059140
21000000,tt0398913,480314
13000000,tt0401711,4857367
24000000,tt0395119,23321954
13000000,tt0469263,11130889
10000000,tt0455960,25399945
16000000,tt0469623,2849142
19000000,tt0452702,35300645
35000000,tt0841046,18317151
28000000,tt0481141,92601050
2600000,tt0480669,553198
55000000,tt0865556,127906624
30000000,tt1073498,84646831
11000000,tt1064932,53191886
25000000,tt1213644,14109284
40000000,tt0866439,84601681
45000000,tt1046997,9323833
20000000,tt0412536,13204291
13000000,tt0974554,14894347
3000000,tt1024715,3830137
8000000,tt1225822,10848783
8000000,tt1300851,10629321
70000000,tt1186830,39041505
27000000,tt0795351,29000000
20000000,tt1083456,18599102
3000000,tt1232776,2357852
50000000,tt0891592,12764201
30000000,tt0901476,114663461
15000000,tt1247640,8786375
18000000,tt0899106,36133014
4000000,tt1107319,55125
8000000,tt0804497,6491240
44000000,tt1438254,48190704
20000000,tt1440728,65464324
25000000,tt1179025,34100000
1987650,tt1462758,19152480
42000000,tt1032751,11087569
6800000,tt1255953,7103838
20000000,tt1666186,80547866
40000000,tt1038919,136000000
110000000,tt0472181,563749323
6400000,tt1655420,35057696
2000000,tt1767382,13101672
24000000,tt1742650,30551495
13000000,tt1702443,98441954
30000000,tt1586752,2527904
35000000,tt0491152,59901913
21000000,tt1650043,72417394
4000000,tt1422136,25345000
3000000,tt1603257,3010
1500000,tt1731697,1165882
15000000,tt1931533,19422261
35000000,tt1547234,31083599
12000000,tt1764183,35485056
35000000,tt1655460,24159934
1000000,tt1866249,9138338
12000000,tt1591479,81272766
58000000,tt0485985,50365377
5000000,tt2109184,142817992
50000000,tt1723642,48600000
100000,tt2126362,95000
13000000,tt1396226,18295
35000000,tt2024432,173965010
3000000,tt2209418,11176469
4357373,tt1715336,1200000
25000000,tt1327773,115922175
10000000,tt1426329,1585582
30000000,tt0790628,27437881
130000000,tt1815862,243843127
25000000,tt1980209,86175291
4800000,tt1602613,10337387
44000000,tt1517260,63327201
6500000,tt2799166,13865435
8000000,tt1800246,26049082
40000000,tt1742044,67347013
20000000,tt3399024,151530
45000000,tt2626350,86165646
22500000,tt3007512,15520023
4500000,tt2265171,2627209
60000000,tt1837709,30800231
25000000,tt1408253,153997819
3196621,tt4176826,25513752
11800000,tt2402927,40272135
700000,tt3850214,17986781
3000000,tt1841642,3387000
34000000,tt2726560,63013281
6000000,tt1365050,9077700
19500000,tt1741273,34854990
15000000,tt3508840,632542
11000000,tt2404425,61619773
7000000,tt1658801,573335
9000000,tt1619029,13960394
20000000,tt2547584,25956113
7000000,tt4385888,5816211
5000000,tt3499096,24804129
33000000,tt2823054,77068246
10000000,tt0462504,7177143
18000000,tt0479537,1196307
17500000,tt0486551,19179969
12000000,tt0429591,23006849
20000000,tt0758742,27793200
15000000,tt0436697,123384128
11000000,tt0468492,88489643
1000000,tt0497116,46243000
50000000,tt0393735,61112916
32000000,tt0452624,5914908
50000000,tt0455957,9448082
3800000,tt0906665,2725258
15000000,tt0393597,109000000
2600000,tt0986264,28430000
20000000,tt0462229,10337477
9000000,tt0386032,24538513
40000000,tt0760329,103071443
20000000,tt0472071,8380329
70000000,tt0476964,69766619
20000000,tt1046163,36620508
3500000,tt0409345,1115493
37000000,tt0482603,63800345
7500000,tt1063669,19000000
20000000,tt0844286,5530764
3500000,tt1303828,44462
26000000,tt0765010,43318349
40000000,tt1186367,60462347
35000000,tt0785006,73034460
85000000,tt1230414,219103655
10000000,tt0929632,47536959
14000000,tt1288403,875386
5773100,tt1447972,18144030
24000000,tt0464154,83188165
8000000,tt1235189,3453043
30000000,tt1458175,51148651
15000000,tt1172991,4882577
32000000,tt1322312,42045846
4000000,tt1529235,65584679
25000000,tt1270761,36993168
41000000,tt1053810,7448385
9000000,tt1922612,18663238
8000000,tt1487118,1749457
25000000,tt1692486,27603069
10000000,tt1535970,610986
17000000,tt1646980,3696232
850000,tt1996264,1243961
2000000,tt1780762,58510
750000,tt1862079,4007792
10000000,tt1531901,89237
35000000,tt1413495,13785015
7500000,tt1657510,1359910
2900000,tt1763264,74918
12000000,tt1821549,17654912
12000000,tt2002718,15008161
20000000,tt1893256,8352885
8500000,tt1171222,22456509
4900000,tt1985019,2159041
25000000,tt2039393,39171130
25000000,tt2952602,129115
9000000,tt2883434,21571189
22000000,tt2980648,88880821
15000000,tt2463288,59209
5000000,tt2059171,13809
28000000,tt1698641,100654149
4000000,tt2910814,600896
20000000,tt2318092,34077920
20000000,tt2103254,100525432
35000000,tt2358925,14431253
5904067,tt3616916,12975143
25000000,tt2006295,24902723
15000000,tt3164256,3020664
35000000,tt2967224,51680201
35000000,tt3322364,50363790
100000,tt2309260,42664410
10000000,tt2473510,78096553
20000000,tt3369806,43967255
11930000,tt2910904,18340000
10000000,tt2752772,52882018
45000000,tt1711525,114501299
10500000,tt4651410,100659
13500000,tt4731008,3342697
9000000,tt4669986,8996802
4000000,tt3544112,13624522
5210000,tt4088268,5900000
35000000,tt3553442,23083334
10400000,tt5074352,310000000
15000000,tt0433442,11992014
6500000,tt0460989,22889018
23000000,tt0384793,38505009
25000000,tt0445946,5549200
17000000,tt0465142,7314027
15000000,tt0455857,66966987
65000000,tt0758794,43545364
12000000,tt0439289,6754898
6000000,tt0354899,9524340
16500000,tt0815244,13620075
20000000,tt0419887,73276047
20000000,tt0799949,86865564
38000000,tt0437954,5410749
25100000,tt1175491,29506464
90000000,tt0416236,162839667
27000000,tt1018785,44352417
12000000,tt0396707,7070330
12000000,tt1082868,40855419
15000000,tt0954990,317000
3500000,tt0902272,5231128
17000000,tt0865559,20455276
590235,tt0978762,1725381
9500000,tt1091722,17164377
18500000,tt1058017,31912793
20000000,tt1232207,17436509
16000000,tt1403981,56032889
21000000,tt1321509,49050886
22000000,tt0977855,24188922
31000000,tt1244659,15134293
50000000,tt1392197,83761844
500000,tt1470827,4242978
10000000,tt1470023,6110000
8700000,tt1465487,47355187
69000000,tt0427152,86387857
19100000,tt1270262,5728213
56000000,tt1598822,142044638
5000000,tt1675192,3099314
29000000,tt1533749,33662874
30000000,tt0881320,108609310
500000,tt1832382,24426169
19000000,tt0810922,6928068
21000000,tt1321860,970816
8000000,tt1604171,10130000
25000000,tt0999913,10324441
11500000,tt1659343,1402307
10500000,tt1764625,23000000
6400000,tt2168910,18800000
12000000,tt2215719,32726956
3730500,tt0857190,6294161
12000000,tt1621045,96070507
1000000,tt2375605,444575
5990000,tt2258337,19450000
40000000,tt1430615,24719215
12500000,tt1496422,1353868
5000000,tt1704573,9206470
6000000,tt1932767,1066471
20000000,tt1487931,27187375
19500000,tt1833673,91000000
80000000,tt1762399,126546518
32000000,tt2101473,57284237
18000000,tt2058107,22309223
35000000,tt1931435,21819348
5000000,tt2034139,15179302
1000000,tt2339741,26501323
70000000,tt1043726,61279452
13000000,tt2183034,45300000
6000000,tt2465578,5809330
17000000,tt2528814,29789000
14000000,tt2637294,12314651
10000000,tt3707106,3727746
20000000,tt2402101,208588
13000000,tt1524575,1784763
25000000,tt4824302,48418160
10000000,tt2937696,3400278
5000000,tt1540011,45172994
10000000,tt3882082,64188367
3000000,tt4034354,4210454
8000000,tt2321405,292279
5000000,tt4062536,3220371
9000000,tt4361050,81705746
29000000,tt4136084,48902953
30000000,tt0446046,34742066
13000000,tt0420609,1151330
16800000,tt0422295,2281089
25000000,tt0395495,16158487
45000000,tt0408985,38399961
20000000,tt0466342,48548426
12000000,tt0470765,5542025
6000000,tt0455612,57231524
9000000,tt0454082,21510851
45000000,tt0484740,4607608
40000000,tt0444682,62771059
4000000,tt0845046,6870249
15000000,tt1031969,8762890
12000000,tt0406759,56309766
25000000,tt0486674,6673422
18000000,tt0365675,40239
62000000,tt0811138,41819064
8376800,tt0449994,13000000
1500000,tt1226681,32000
1700000,tt1103982,1007962
15000000,tt1179891,100734718
9000000,tt1151359,985117
20000000,tt1198138,73830340
6000000,tt1174730,6670712
10000000,tt1262981,295750
12000000,tt1220888,204940
7000000,tt1106860,46488
5000000,tt1531663,2614773
20000000,tt1213012,39300000
30000000,tt1032825,102000000
30000,tt1584016,3045943
650000,tt1464580,33245
12500000,tt1194417,1083683
10000000,tt1588334,4417580
28000000,tt1633356,10126458
70000000,tt1578275,67112664
4141459,tt1860152,201607
12468389,tt1640711,29007412
24000000,tt1068242,63543328
40000000,tt0477302,55247881
36000000,tt0480687,83160734
45202,tt1687247,225861
8000000,tt1498569,163265
14000000,tt1663143,11417362
5500000,tt1854236,10016934
5000000,tt1714203,8493728
30000000,tt0383010,54819301
500000,tt2063781,376597
4437508,tt2082197,2804874
1500000,tt1758795,3566225
28000000,tt1204975,134402450
12400000,tt2358891,8371085
250000,tt2292959,56825
1000000,tt2326554,395000
22000000,tt3210686,67800064
28000000,tt1430612,68896829
12250000,tt2345737,2295423
5000000,tt3098306,12058187
2000000,tt2692904,4635300
2800000,tt3099498,1826705
26000000,tt1224378,34592118
70000000,tt2177771,154984035
65000000,tt3672840,121545703
8900000,tt3276924,4100000
19000000,tt1596345,5578519
18000000,tt3623726,41325328
12000000,tt3862750,60273173
11000000,tt2217859,161789
11000000,tt3715320,27391084
20000000,tt3231054,46069568
3200000,tt4501454,4267218
8000000,tt2091935,34694
3537415,tt4048272,1390172
75000000,tt2709768,875457937
10000000,tt1172049,1978592
50000000,tt1608290,55969000
3000000,tt3068194,14016568
16000000,tt4257926,73883359
47000000,tt0308353,38085778
9000000,tt0441796,27105095
51000000,tt0414853,72779000
14500000,tt0444182,22963701
20000000,tt0489237,47738099
12000000,tt0897361,9620399
20000000,tt0780516,6819587
6000000,tt0462244,18197398
16000000,tt0881200,34786960
9100000,tt1024943,37707444
13000000,tt0775539,75511123
70000000,tt0372873,53587404
2000000,tt0473308,22179430
15000000,tt0808279,7938872
8000000,tt0850253,908847
18000000,tt0865554,382174
19000000,tt0869994,23550000
6000000,tt1082886,2899975
6000000,tt1130988,276891
21000000,tt1027862,17600000
4000000,tt1231277,4100000
17000000,tt1176740,14899417
100000000,tt0457400,68688831
40000000,tt0450405,28169671
6500000,tt0790712,1521261
13000000,tt1123373,51723285
14000000,tt1305583,21409028
27000000,tt1456941,16504936
25000000,tt0872230,19829957
16000000,tt1265990,40492759
150000000,tt1305591,38992758
79000000,tt0810913,149673788
14000000,tt0466893,46495
25000000,tt1440345,11790979
12000000,tt1640548,972512
37000000,tt1564349,95404397
1800000,tt2125435,21107746
40000000,tt0763831,22044277
2500000,tt1945062,3003
6300000,tt1770734,419953
26350000,tt1132449,1576687
10000000,tt1922685,1034589
17000000,tt2083355,71625195
10000000,tt1126590,28883511
15000000,tt0900387,9104716
1000000,tt3177316,9318
15000000,tt1727776,14860766
1300000,tt3966404,250000
10000000,tt2555736,85978266
15000000,tt4139124,20566327
10000000,tt1472584,6272403
40000000,tt2869728,124827316
30000000,tt4383594,57814445
18000000,tt3760922,88923251
26000000,tt0417433,17496992
12000000,tt0448124,1381665
5300000,tt0439662,22175908
100000,tt0805526,10178331
150000000,tt0418279,709709780
4000000,tt0465436,46474
50000,tt0780607,249905
8000000,tt0490181,2033165
40000000,tt0889588,7400000
2000000,tt1101026,38135878
15000000,tt0964185,113221
15000000,tt1142433,6405245
5000000,tt1216496,17112713
8500000,tt0810784,4440055
18000000,tt0775489,5602431
500000,tt1612774,98017
10000000,tt1196340,55089
80000000,tt1302067,201584141
18000000,tt1321865,871279
7000000,tt1572491,3218666
4000000,tt0873886,1104682
10000000,tt1637706,17273593
8000,tt1714210,484592
10831173,tt1606392,10654385
8000000,tt1602098,5634828
300000,tt1954701,2750275
6000000,tt1840417,13231461
19700000,tt2368672,30000000
25000000,tt1322269,74188937
23000000,tt1291580,15600000
19800000,tt1371150,41296320
6600000,tt2452254,1851517
6700000,tt1969062,1430655
20000000,tt1810683,6485961
1000000,tt3808342,1777043
18000000,tt4057376,1776333
700000,tt4129870,200242
20000000,tt4667094,21164799
40000000,tt2513074,30930984
4000000,tt1878841,10898293
6000000,tt1620935,6174491
10300000,tt3794028,47748
2200000,tt0405508,11502151
10000000,tt0398842,615752
2500000,tt0961043,7086000
15000000,tt0484111,20380
12000000,tt0435528,5285197
7000000,tt0858479,10569964
4000000,tt0795441,530048
9100000,tt1166100,76000000
40000000,tt0469903,9793496
23000000,tt1179258,9366227
5000000,tt1244668,17872796
16000000,tt1153040,11301649
40000000,tt1129445,19258519
15000000,tt1294213,5024782
10000000,tt1369706,498974
1950000,tt1595366,12005838
11000000,tt2076251,12935800
8000000,tt2025526,49000000
1000000,tt1630036,34522221
6000000,tt1582271,5206
25496629,tt1794850,40924982
9000000,tt1440732,8303261
103000,tt2299842,3623330
33000000,tt1981107,9494789
12700000,tt2319580,3430018
9600000,tt3859076,2541554
5000000,tt3614530,2333684
38000000,tt2909116,123205624
6000000,tt3722070,41387687
10400000,tt4832640,102000000
20000000,tt2865120,8821329
10000000,tt1389139,30658387
4000000,tt0454987,4630045
25000000,tt0462338,11772461
5000000,tt0937237,782102
5940000,tt1075114,4250000
33000000,tt1149361,14000000
150000000,tt1055369,836297228
4000000,tt1588337,41424067
8000000,tt1431181,18124262
30000,tt1049402,617000
40000000,tt1701210,5446000
5650000,tt1700258,43000000
10000000,tt1656192,10759
250000,tt2112999,1000000
30000000,tt1535438,114281051
1000000,tt1560985,101758490
27563396,tt2076176,29193330
8000000,tt1602472,1653792
17000000,tt1433822,9627492
18000000,tt1967545,20275812
100000,tt2084989,444098
18000000,tt2172935,7972967
25000000,tt1647668,38307627
22000000,tt2372222,55000000
12500000,tt1826590,49002684
5500000,tt2870708,5483299
40000000,tt3781476,385284817
3300000,tt2918436,64110728
3000000,tt3832914,67790117
14000000,tt3863552,98000000
37000000,tt4276752,278300000
2000000,tt3268668,2801508
3500000,tt4853102,3775000
3500000,tt3859304,615816
8000000,tt0479647,12671300
1000000,tt0489037,1678874
5000000,tt0425601,3833507
5000000,tt0914797,4040588
23000000,tt1403130,5837674
12000000,tt1235796,1644755
25000000,tt1183251,4388563
90000000,tt1041804,16178959
10000000,tt1668200,17511906
20000000,tt1486193,17479
25000000,tt1507563,432274
1400000,tt1954470,4100000
4000000,tt2383068,9221
18000000,tt2112124,62000000
9500000,tt2170299,7800000
7000000,tt2737050,6860853
5000000,tt3014666,10429707
200000,tt2235779,17834867
3300000,tt4629032,5249225
1400000,tt4285496,1320005
26000000,tt4535650,61000000
10000000,tt2325977,17472
5000000,tt3791302,26144
100000,tt3824458,702354
16000000,tt3495026,29251596
8500000,tt4981636,19985196
762241,tt5221584,285930
20000000,tt3628584,55030051
5000000,tt3216348,6341855
8000000,tt0437800,18948425
20000000,tt0466856,21170563
2000000,tt0853096,167000
500000,tt1129423,33456317
15000000,tt0974613,1143856
2500000,tt0804529,107559
11000000,tt1167599,32000000
65000,tt1570989,416498
4600000,tt1514041,1163967
15000000,tt1555064,20529194
5000000,tt1541160,3142154
195000000,tt1399103,1123746996
6453637,tt1934234,1800000
2500000,tt2243537,60141683
16000000,tt1951181,5867686
15000000,tt1758595,21766271
7000000,tt2224004,6147
7000000,tt3125324,14618727
6000000,tt2355495,15071
15000000,tt2247476,30127963
12000000,tt1929263,101332962
18000000,tt2465146,25312387
447524,tt3534602,771317
5000000,tt4429194,6700000
60000000,tt2822672,9420546
17000000,tt4649416,42487325
15000000,tt4341582,10367161
18000000,tt1594972,17062499
25000000,tt1974420,3885342
25000000,tt2140037,1397284
11000000,tt0441048,46396427
1380000,tt0458242,1615018
45000000,tt0432021,148412065
10000000,tt0499554,20342161
6000000,tt0887971,391410
36500000,tt0972558,21834845
3000000,tt1247704,18097
26400000,tt1305797,62000000
25000000,tt1272051,6500000
12500000,tt0473102,3878993
30000000,tt1772230,108348
4000000,tt1613062,253899
17000,tt1242599,101236
7000000,tt2243621,12400000
8000000,tt2131698,42330
6843500,tt2550838,10703234
28000000,tt1702439,97594140
5000000,tt2243389,11724119
5500000,tt2378281,99067206
35000000,tt3331846,83061158
2200000,tt2844798,282358
8500000,tt4196450,15861566
3800000,tt3714720,1016985
4000000,tt0464049,13401952
2000000,tt0473709,265198
8000000,tt0360323,143451
8000000,tt0466816,60641
5200000,tt0879843,14723313
2300000,tt1093370,4600000
12000000,tt1124052,10652498
4317946,tt1440266,14624826
11000000,tt1605769,807535
3550000,tt1937339,48000000
6000000,tt1756415,35000000
1500000,tt1885300,1938
12000000,tt1566501,9622846
4000000,tt1839642,350006
4600000,tt2356180,25000000
25000000,tt1376213,6399
8000000,tt2004432,9630444
318000,tt2309961,121179
6000000,tt3202120,14348529
9500000,tt3541262,112156811
2000000,tt1464191,48390
50000000,tt2281587,80383290
2400000,tt2581244,88273
12000000,tt2707858,21026290
25000,tt3593046,25000
19500000,tt3735246,56000000
2000000,tt4936450,343617
5980000,tt4434004,14900000
994000,tt0435680,165000
15000000,tt0434215,21000000
500000,tt1193516,5330000
1400000,tt1280558,3500000
6000000,tt0976247,69497
9000000,tt1054122,16000000
12000000,tt1308138,13380561
1500000,tt1648112,8786756
10400000,tt1587729,20967660
20000000,tt1547230,14166853
7000000,tt2328813,1310673
4300000,tt2278871,10165694
10000000,tt2436682,4500
11000000,tt0770772,13196245
5000000,tt0846040,6463286
1000000,tt0854678,274661
7000000,tt0844671,6230276
6000000,tt0903627,1300000
1500000,tt1268204,187716
930000,tt1726589,30905
2200000,tt2070649,31500000
10920000,tt1839596,19660000
15000000,tt0480239,4627375
3600000,tt1403214,24267
12000000,tt2016894,51000000
20000000,tt1532958,16549477
5000000,tt1786751,40400
9700000,tt2788556,154701
14000000,tt3896100,8306690
50000000,tt4687848,102205175
16500000,tt2978102,21256
7400000,tt0449999,17000000
2380000,tt0480025,8176544
4700000,tt0499375,31000000
10000000,tt1185420,20000000
7000000,tt1220628,1429299
10000000,tt1714209,303877
17500000,tt1425922,7018189
3000000,tt1662293,1675381
1816720,tt4142022,4541800
12000000,tt4183692,14394097
1300000,tt5278832,102986
3500000,tt0380817,113783
20000000,tt0430431,13391174
6000,tt0914809,6000
4000000,tt0483756,333912
4000000,tt0393329,907456
5000000,tt0987918,55635037
15000000,tt1239426,16810383
10000000,tt0848538,22896728
2000000,tt1139282,7306
33000000,tt1467391,6982465
40000000,tt1100119,28972508
20000000,tt1274300,346594
2000000,tt1695994,563706
2500000,tt1683921,3358
10000000,tt1554091,1759252
3500000,tt2371486,7339398
5579750,tt2456720,8927600
6000000,tt2321517,4588176
6000000,tt2933544,1020921
6000000,tt2182972,32251
5000000,tt4337690,4842699
13000000,tt1490785,1646788
5000000,tt4158624,443962
1000000,tt0472259,10018
85000000,tt0463985,158468292
35000000,tt0494652,43650785
4500000,tt0808526,744816
5000000,tt1782568,22772019
9000000,tt2357377,48965210
10000000,tt2210834,30283
2000000,tt0423169,622806
79000,tt0492619,245000
9000000,tt0441007,2955039
50000000,tt0367959,82169884
25000000,tt1787759,53213633
3347850,tt1680058,1248748
7100000,tt2377938,18000000
6500000,tt2363213,3721345
3300000,tt2796678,45000
10000000,tt4644382,150000000
150000000,tt3521164,643034466
4500000,tt4387040,32000000
3800000,tt1276105,111731
7000000,tt1361313,453079
12000000,tt1663321,1428291
70000000,tt0884726,18662027
5500000,tt2667960,5000000
12000000,tt3540136,80000000
3500000,tt1091617,7700000
15000000,tt1569364,21500000
25000000,tt1175506,2336172
250000,tt1228953,232732
3000000,tt1152822,103735
6600000,tt1640484,37710610
134005,tt1541995,1332231
400000,tt1694542,252000
40000000,tt1946347,10079201
2840000,tt2181931,11620000
1200000,tt1821480,16000000
7700000,tt2178470,46000000
12156348,tt5091538,7900000
900000,tt0462579,82701
10000000,tt0778661,31609243
12500000,tt1275863,20794985
14734000,tt1599975,6775121
15000000,tt1536048,868439
20000000,tt1230215,610792
15000000,tt1847713,5290
500000,tt2495104,15000000
4000000,tt2893490,143101
3800000,tt5297256,29000000
5200000,tt0315642,9200000
4531653,tt1920885,84552250
18500000,tt1002563,6490401
2100000,tt4120176,282382
15000000,tt0906108,55184721
12000000,tt0479751,19000000
2400000,tt1182972,9600000
20000000,tt1190617,7000000
143000,tt1172998,1000000
4090000,tt1934231,18035000
25000000,tt4164468,29000000
14000000,tt1876451,24637469
120000000,tt1430132,415440673
60720000,tt4701660,553810228
4500000,tt0465967,3468423
450000,tt0435623,973525
700000,tt0801526,31576
8000000,tt1293793,10814122
3500000,tt1620549,2294357
12902809,tt1386932,36000000
2270000,tt1447508,6900000
20000000,tt1391137,60072596
4000000,tt1549589,911466
4000000,tt1719071,355688
1200000,tt2051894,2861020
9272437,tt3321428,11672363
8000000,tt2494384,53086
68490000,tt4591310,193677158
5000000,tt4824308,23507567
3250000,tt0472126,32788
500000,tt0433350,220151
8000000,tt0283503,458232
3906840,tt1379222,4300000
1000000,tt1331064,1296971
5000000,tt1504319,27046
11000000,tt2318405,7200000
2800000,tt1826660,13218980
2000000,tt1753722,1620436
5000000,tt2523600,48125
13500000,tt3018070,187674
2300000,tt0473367,11100000
3230939,tt1355546,18000000
5750000,tt1230448,10000000
2500000,tt0981042,352810
2000000,tt1569465,22212223
100000,tt1480660,1000000
3700000,tt3678782,11480000
2000000,tt0466399,300000
1000000,tt0479162,7202
5800000,tt0473024,7000000
9000000,tt1274295,18130000
2000000,tt1171701,13500000
11000000,tt1706414,5132354
2000000,tt1562568,841733
1052753,tt2717558,466088
10000000,tt3850544,2600000
4300000,tt5946128,3376375
8000000,tt4616250,17000000
5000000,tt0475298,25900
6400000,tt1094241,2556911
4180000,tt1105733,11000000
150000000,tt0458525,373062864
31192,tt1489167,10000
2000000,tt2592500,11666088
11097000,tt1849718,49028000
5000000,tt2275471,388
13000000,tt4110568,22000000
11000000,tt1172060,15500000
25000000,tt1242457,16815892
4881000,tt2169322,81350000
6400000,tt2359810,18000000
5400000,tt2855648,6500000
5500000,tt3767372,22159216
5000000,tt1713440,2387127
2000000,tt0912593,1431623
5000000,tt1438463,17566040
5200000,tt1664806,9700000
1490000,tt1793224,378187
4100000,tt2224317,4300000
17000000,tt2199711,51000000
5000000,tt2012665,1189612
23400000,tt3595298,67000000
5000,tt5066556,11083449
10721568,tt5286444,2978994
8500000,tt1286126,9582732
6000000,tt1130964,399611
500000,tt1934269,116207
1300000,tt2203308,16000000
10000000,tt1034449,8750000
1500000,tt1170391,56000
3900000,tt1339161,208475
6000000,tt1454523,3770657
2200000,tt2459022,208000000
7500000,tt4353996,9100000
1000000,tt0496328,18479
14000000,tt1146325,25000000
3000000,tt1414840,17850711
25000000,tt1071812,20719451
500000,tt1857842,1000000
1379375,tt4374460,105097
1500000,tt4950110,2000000
18700000,tt5071886,74000000
3500000,tt4643432,1492523
5000000,tt1529567,4074023
6700000,tt2077833,31000000
590000,tt0770203,3500000
2500000,tt0465407,71904
20000000,tt1155705,31244858
3000000,tt1324059,11000000
5300000,tt4643580,9080818
500,tt5447140,500
11000000,tt0811066,12000000
3000000,tt1609168,12000000
22361,tt2526660,31307
13000000,tt1954352,1832541
2500000,tt3135556,230069
2000000,tt0814666,111000
15000000,tt0892375,22730842
85000000,tt1013752,363164265
3837625,tt1441956,3867000
6500000,tt5156746,6900000
441892,tt0807758,1030375
3600000,tt1186366,766075
3000000,tt1180583,14000000
4500000,tt1334470,4200000
6400000,tt1499201,5900000
3062000,tt1948150,25034000
2500000,tt2247692,33400000
800000,tt0933361,1328612
3500000,tt1700423,18000000
16000000,tt1725795,98900000
13100000,tt1720254,4100000
65000000,tt1855325,240159255
500000,tt2304517,500000
3000000,tt3774694,249083
3000000,tt1124396,9713500
6250000,tt1340838,8000000
7000000,tt1272018,15172408
3000000,tt1437366,4800080
125000000,tt1596343,626137675
3250000,tt1791681,3250000
400000,tt1322313,88097
450000,tt4307968,1500000
3500000,tt4700756,890303
3500000,tt1366687,9112193
2200000,tt1655607,9700000
180000,tt1566637,175742
11000000,tt2187153,28000000
10000000,tt4981966,15000000
440141,tt1214961,2640850
3000000,tt0489244,1449945
3000000,tt1796657,19010585
2000000,tt1651118,393816
11180,tt1699745,24591
2570000,tt4471388,4026795
1333333,tt0843326,5333333
7000000,tt0985101,162256
9000000,tt1185344,771499
6250000,tt1602476,8500000
12000000,tt2106741,117629
46597700,tt4788602,32700000
3500000,tt1532382,3704408
750000,tt3417422,12000000
7400000,tt3668162,1300000
5510000,tt1740710,18050000
2006871,tt2226666,7040609
2153912,tt3621288,4864560
224056,tt3001638,15536328
521873,tt5662932,1013926
2576871,tt0865496,749981
14000000,tt0918628,9216
5900000,tt3433074,23000000
11000000,tt2424988,41000000
5000000,tt5646136,13000000
500000,tt1999910,500000
3700000,tt0962764,69948
500000,tt1129437,198
2000000,tt1813519,2000000
858572,tt2899136,382454
3200000,tt1373243,3877492
1089360,tt1337051,48298
160000000,tt1270798,353624124
10000000,tt1777595,1064454
10000000,tt4187590,7547762
500,tt4253360,500
15050000,tt3859980,16180000
1180000,tt5291232,4292000
8138338,tt2392830,1864266
2500000,tt0907119,4684165
453500,tt2355765,3260000
65000000,tt0249516,73706
7000000,tt1050739,1100000
780000,tt1496729,1040344
7900000,tt4258292,16000000
210000000,tt0376994,459359555
1000000,tt1046198,404785
2500000,tt1532261,2141028
3000000,tt4744086,15480000
5000000,tt1291549,31649
8400000,tt1821478,20000000
5000000,tt0477337,3919731
50000,tt2612156,300000
2500,tt0914382,15425
7500000,tt1455811,10000000
19000000,tt1876517,2570000
1211360,tt5112966,3129507
20000000,tt0490170,5000000
13400000,tt1584131,16700000
7230000,tt5077538,1453270
5000000,tt1031282,6011000
500000,tt0842001,1000000
7500000,tt1512888,20000000
4000000,tt2288121,9938268
8456800,tt2137992,5750000
150000,tt1068953,560000
940000,tt4271820,5100000
1900000,tt5082014,5900000
6200000,tt4679210,11000000
9000000,tt0887745,706000
560000,tt0948530,1500000
1000000,tt4901756,2228115
500000,tt1821536,500000
3000000,tt1105748,2500000
200000,tt1544600,2295733
3800000,tt4686604,488569
300000,tt5819280,2100000
2915739,tt1361809,14000000
6200000,tt1542482,4820000
5069632,tt4814290,4817642
100000,tt0465643,750000
567000,tt1821682,2930000
5900000,tt3320578,19000000
5000000,tt2800038,846704
5000000,tt0420835,140666
670000,tt4557014,4700000
4048037,tt5544428,2998545
2300000,tt1735221,660000
74110,tt2806788,124221
5500000,tt2476154,47000000
3500000,tt4537362,179000
1000000,tt0431461,11455
1500000,tt1263795,2200000
3000000,tt1370429,6600000
7000000,tt1245736,1877122
10500000,tt1091229,9400000
7500000,tt1451797,2000000
3000000,tt1820555,1957000
6100000,tt1705772,28000000
1230920,tt5423310,3569670
822000,tt1719474,1200000
250000,tt1356878,1950000
800000,tt3175460,800000
2000000,tt1227165,273137
2000000,tt1718881,1268793
6500000,tt1765729,6969292
